7.522547,9.495649,5.704245,51.353940
3.639862,5.410735,8.870219,59.470481
3.538133,5.821709,5.147418,37.707323
8.037300,2.423572,5.398894,63.050164
2.189045,6.722394,3.939154,27.634843
5.095606,8.124369,8.070200,43.597550
4.634355,10.007753,5.286541,39.075688
1.740619,10.259194,1.043528,50.329990
7.015608,3.330093,4.768772,65.378938
5.735756,2.475992,7.523000,34.309344
12.271621,10.982523,1.837163,29.069332
6.239765,5.882289,6.836873,56.822066
13.554239,1.262586,4.970082,23.602196
5.705633,6.835391,-0.006676,29.960851
2.373494,6.910759,7.689527,29.276020
10.181690,7.199444,11.756473,62.176900
0.626456,4.891090,9.164272,31.582771
11.944250,-0.496506,0.226803,58.651636
7.965602,6.115816,10.235463,60.940064
10.935715,10.537623,2.648946,30.719475
4.710850,12.299373,1.919031,76.504454
12.262483,7.395539,9.573246,71.020436
1.421569,3.502279,11.781435,72.194071
11.570688,2.485826,0.756068,33.656059
7.898385,7.369006,10.751557,72.256673
7.389938,12.526215,8.555686,45.282704
1.168736,12.476202,11.909166,79.850899
4.044001,1.737552,5.378951,39.594569
1.558206,3.939501,11.511822,52.911016
10.455247,2.944645,5.335809,60.989963
7.456135,7.189246,10.937239,57.326627
5.841733,3.686010,-0.031334,38.544064
0.422425,8.155081,2.852786,45.449930
5.013719,8.673513,12.595974,24.943991
8.058384,9.494316,12.457577,43.803416
5.794173,12.098385,7.581729,32.154982
3.350952,9.623018,12.253029,31.564609
6.803087,8.692362,9.468043,27.018353
5.083937,7.178441,7.601123,38.003024
10.103546,3.337035,12.717621,42.701985
3.896922,1.227512,3.625943,57.868324
12.987251,9.340792,8.611996,33.485949
7.670394,13.763728,9.538063,39.644444
1.571372,8.462295,3.304825,79.575011
3.583537,2.290178,7.108066,43.721996
8.373970,11.846027,0.212091,68.967363
5.372372,9.667576,5.295708,56.239880
11.720469,2.214271,4.400719,79.289961
12.125357,11.562419,10.081257,73.034162
8.694881,-0.198846,9.690730,49.032547
7.223717,2.566856,7.141847,56.003117
8.110913,10.406747,8.671499,25.763066
4.751931,10.479121,8.811727,63.470426
12.368783,5.635270,8.230334,49.032445
0.780044,9.743620,5.702555,65.507455
8.101542,4.857722,5.638169,30.717672
3.371870,10.156982,4.631424,22.177181
5.397997,1.848381,5.587308,52.174055
4.133080,8.584727,7.959482,52.307293
7.416515,7.921935,0.159332,42.191232
12.143744,2.953073,3.021612,51.901549
6.329188,6.717542,11.454705,20.416068
11.676022,0.023794,1.511664,71.704380
11.397703,0.796678,3.162674,79.082317
0.264367,3.037099,0.945026,66.539457
3.347876,8.065150,5.308212,34.241687
4.804083,7.235403,7.733406,29.403708
6.484449,5.583748,0.477153,25.746962
12.951569,3.046764,7.659282,20.176679
4.857560,8.019184,7.683936,28.447125
0.168542,-0.012647,4.341801,26.739484
3.493978,3.570813,6.618764,79.403099
1.767075,4.615607,6.502823,62.588992
12.755008,3.052335,12.697833,37.803747
3.540294,10.972045,8.185784,52.863266
12.459382,9.540352,1.468736,30.346217
3.371337,10.818798,8.795719,37.598607
1.162444,12.715319,5.134417,32.424207
10.953260,8.837155,1.799182,32.477654
9.968023,10.960365,4.601136,67.958234
1.696595,6.235716,10.520195,65.601356
10.994162,4.173272,7.848902,26.374102
2.335387,11.315867,9.772088,79.649861
0.619799,10.894303,6.369536,66.578797
7.350896,6.205172,8.971140,29.585285
9.167406,10.431629,9.955878,71.322949
-0.064774,8.360738,8.189488,22.150907
9.804016,9.063252,12.257950,42.296696
3.980826,7.228224,6.871368,45.150352
9.372202,0.904102,5.524817,48.291671
2.788217,1.590815,11.857173,60.564790
4.033808,7.867613,3.255977,50.895146
9.270180,13.138317,3.853433,54.370046
7.077055,0.519674,12.541822,59.747487
10.274796,2.550455,10.804164,62.511997
7.143455,6.731194,10.797452,21.590751
3.035672,10.645441,8.230118,44.503924
7.089640,6.299792,10.213614,68.465371
1.137616,4.343363,7.342853,67.786965
3.143737,8.235876,-0.024480,31.433631
1.010033,2.188320,11.889154,53.689252
10.134398,1.286524,11.793714,28.667170
13.155037,10.918097,6.367194,54.818706
1.370625,11.777531,0.540052,23.721243
7.159101,5.392253,5.629245,79.063619
1.714297,0.634943,1.262922,55.259301
2.771969,3.945337,11.658414,35.231993
5.392412,10.728319,9.686466,65.136395
1.207726,3.174970,11.332262,79.688666
6.745733,3.334514,7.138976,76.529684
9.523849,12.324647,8.221516,23.933339
12.306061,12.736326,2.459239,42.425653
0.909180,11.485766,11.730380,76.493855
11.007298,12.361069,5.172760,52.598784
12.333088,6.713888,5.419154,38.926696
-0.397642,4.143300,6.930485,70.594447
6.343221,12.047475,6.850756,47.268550
1.144024,6.926591,6.129468,38.646087
8.952571,0.537142,7.559907,66.068891
13.157777,0.396937,9.304369,47.056928
2.113611,3.852624,12.002029,49.705833
11.994448,-0.025682,5.447253,41.070234
10.191764,6.945317,0.952885,68.078227
6.318451,1.553536,3.720264,39.387773
1.098790,12.362235,6.625427,39.396648
9.826570,5.874986,5.465048,27.307157
3.810603,3.827247,11.356778,72.008151
5.782105,7.418384,7.627165,72.379900
6.988502,7.398547,10.934721,35.354202
2.662719,4.945942,7.767181,61.505106
9.531055,0.886713,10.457645,28.679805
1.156487,0.758262,1.001464,46.274190
3.222960,11.316647,8.263059,52.068742
-0.257553,0.194066,3.865651,27.757325
9.115785,11.153453,3.987405,41.460386
7.950695,10.905638,5.149121,54.891304
9.835053,6.755127,0.063163,65.834275
4.622978,9.913224,0.622954,78.850680
1.166266,5.437934,1.302969,43.775943
6.501338,1.528817,7.564214,49.292758
5.778236,6.558653,7.094840,75.802408
7.716722,3.375614,0.078969,33.866535
12.090548,7.286210,1.222420,41.138219
5.617942,4.569544,12.521147,26.565195
0.816721,2.864355,5.275764,74.760469
9.866922,8.899342,9.306063,40.317757
9.910192,5.977002,5.088004,25.524688
8.004313,6.482325,5.765719,48.414748
2.415556,11.597133,8.340147,52.685088
3.145075,11.148317,8.740568,27.406466
7.146774,6.648158,10.714552,44.791549
7.968909,8.940644,4.124158,30.931000
4.591971,9.757714,1.016176,60.050476
9.703622,9.091074,8.513323,42.266785
-0.254690,7.884717,10.765498,53.500681
9.914428,8.557800,3.214115,62.882413
4.362539,9.667755,11.317917,64.499705
9.481730,0.388001,11.945200,60.414099
7.245660,3.363471,6.914939,73.105620
3.604570,10.492145,8.181928,65.203617
12.470270,2.513334,12.782084,56.220278
13.318633,1.916948,1.670013,63.547563
4.171534,9.924660,1.467027,63.207570
4.701332,11.270963,7.348483,74.059938
8.703959,5.249494,7.192295,44.595606
5.528298,6.588202,7.970488,63.458519
7.476994,6.263527,10.918269,77.084155
12.882441,7.964498,10.919100,63.955223
4.592762,2.923044,6.080513,79.981263
3.483648,1.157501,7.880083,53.054998
9.182326,5.371840,1.865887,32.089478
4.615745,7.454484,7.734318,34.983404
7.336097,3.954781,6.699832,41.285385
4.440946,11.147655,2.421907,43.112738
5.139890,5.659690,1.027462,67.170923
6.161694,9.734622,11.040120,66.637750
2.493218,11.362347,8.656148,50.093858
3.597029,10.010488,10.615197,72.436381
5.836301,8.159077,10.547887,68.633535
8.322702,6.255025,6.252317,56.484978
12.365093,11.765313,4.722723,51.164947
2.787591,4.703650,11.525118,34.149939
7.910915,7.568668,10.802618,73.441409
2.539466,3.137684,12.146897,26.679500
13.141812,1.334451,6.883618,47.759141
7.362890,2.095222,1.476392,77.484953
11.979474,9.666487,4.104895,76.095476
0.133348,3.396666,11.537558,65.540110
5.770012,2.677794,12.027043,63.662861
6.398994,2.960085,6.591112,41.045496
9.727966,-0.050737,8.855702,76.558552
9.058016,6.407081,1.695247,72.784669
10.762956,8.777650,0.650479,70.628507
5.220678,4.446829,10.677107,68.195987
9.344490,2.809959,4.166043,58.403681
9.424725,7.746000,4.708741,71.388749
2.043758,11.528069,9.430897,76.485419
7.043149,6.414615,0.612686,46.218528
5.931993,6.693315,12.090410,79.680063
-0.515706,3.425029,12.378664,71.878143
8.035605,9.147340,10.839349,51.036627
4.103553,0.424341,0.452540,69.598895
5.382151,2.392909,5.352568,58.072733
3.490080,-0.379390,2.684716,65.250240
3.630086,3.498547,12.137593,69.660892
-0.042996,3.329300,5.483517,39.324363
0.797260,5.962220,3.360058,24.479174
4.064241,1.309404,6.537454,44.643065
5.892987,1.273355,12.270873,45.116884
2.024058,7.312727,6.757922,54.161845
5.847728,3.479847,7.054779,24.612215
7.590273,2.033495,11.333670,54.113257
8.920936,3.969518,0.128229,21.634022
2.900840,11.118157,11.855291,47.932212
3.257678,5.359874,12.431581,32.911545
9.577773,8.820983,4.430050,27.880660
4.936461,0.461348,0.804105,60.227217
8.007797,4.588431,1.257360,24.643168
6.573052,7.788913,5.458060,50.976972
6.899295,8.407992,1.044337,71.952569
1.484974,0.285308,10.903628,31.633010
6.288994,12.698617,11.679160,40.261406
2.699498,0.176651,11.598884,69.395533
8.674373,2.577365,6.015621,40.328411
12.002002,3.671306,7.633579,34.127184
11.155511,6.027935,2.771734,42.997081
0.679122,4.738883,8.281595,73.109341
6.368659,4.196195,3.530747,55.806887
10.385992,7.961418,9.544157,54.541743
7.847544,3.341033,10.508702,43.333619
12.751233,9.903917,0.179406,33.193563
0.007751,9.404568,1.724845,26.395321
8.522060,1.432975,2.096972,40.364148
13.147387,9.009570,3.046292,69.758823
7.992161,1.950387,7.326887,59.459998
0.153904,11.486111,7.745485,41.134010
6.282295,0.467557,4.888482,62.890412
9.157819,9.489568,11.997281,20.688929
2.767751,3.035241,11.064728,22.459496
5.115487,6.797203,12.696465,60.547967
11.058173,11.357916,5.646256,78.887876
10.715078,10.765300,11.559325,78.769227
11.961905,1.992529,7.141522,50.371370
1.157600,11.682962,10.407450,48.105802
7.943580,11.179493,4.379606,35.588152
12.946873,6.675486,8.260786,69.102981
1.964018,3.580630,11.882874,41.660289
4.408258,7.403972,4.714787,61.487455
3.548960,3.490183,2.661042,40.457426
5.495882,9.222629,8.567713,60.991572
4.717788,4.996965,7.167015,39.280192
6.324787,3.172147,7.430311,33.777563
10.431913,10.984979,0.105170,39.469221
0.210517,2.747312,3.446793,42.688981
10.396890,13.492079,5.652957,77.979072
5.337107,7.103731,7.755677,34.680540
11.372144,4.309785,4.338697,61.912420
5.939198,5.722206,6.789441,67.674469
0.591511,4.649655,1.438454,33.916035
5.749797,8.312186,2.871101,50.199235
9.430586,7.010917,5.816387,46.353898
4.944737,7.336426,7.762946,54.074364
8.282546,12.327578,7.568229,24.139885
8.369874,2.568238,9.045530,48.258494
-0.445285,7.447998,4.603123,59.936627
5.524588,6.032041,11.912767,61.202055
8.271746,6.400008,10.723430,70.069828
8.504787,7.280269,12.801021,60.936677
5.394089,5.102924,11.342464,46.950316
4.843405,0.099643,9.502911,78.049903
2.774607,7.320714,2.070212,78.358766
11.686293,9.402626,11.343827,24.731110
2.233865,9.685858,0.006213,33.667909
0.724607,10.651719,2.604685,69.156270
13.023823,2.065191,8.935662,44.820865
11.540182,5.551675,3.555776,30.115715
7.209505,2.749646,7.258650,64.938873
5.811701,6.956106,7.949452,42.839256
11.395861,1.799474,7.440655,73.970407
6.195685,2.744572,7.572240,42.344428
11.313958,4.977962,9.275087,24.414909
6.163332,2.618934,6.877850,26.920402
4.207819,10.430587,8.143646,38.846306
0.120669,11.345341,12.392662,76.933452
3.916794,2.223361,8.112795,65.306899
4.933081,7.609346,0.814758,61.801764
0.621743,3.268459,1.600491,46.261898
3.826040,3.789891,6.416099,67.565702
4.422536,8.137023,2.660458,60.866853
12.322092,11.104535,3.197972,61.973907
7.623981,10.619634,11.988018,28.245791
10.975133,7.471120,11.059772,39.790042
2.852053,3.233574,12.309814,60.987013
11.593126,3.928370,4.926190,56.907070
3.198027,4.517022,7.559930,45.914504
11.526188,5.845862,10.993178,79.307819
2.605134,0.457491,7.998360,28.286737
2.648876,3.369461,12.177409,72.886826
5.065209,12.750355,6.865668,76.025151
4.018690,9.629908,2.336066,77.463020
4.927796,4.819490,5.366333,37.171851
7.417506,12.275734,5.460879,51.054010
2.041601,10.618746,3.673794,49.612383
4.811185,9.754473,-0.043369,42.288542
2.768076,5.327379,0.936295,38.885213
7.038204,4.955229,11.445518,37.774915
2.284264,1.580063,0.102454,53.262800
2.657819,8.203135,11.327615,67.104111
3.145690,1.964423,7.713678,33.615099
8.061598,12.499477,7.611906,36.545777
11.205329,10.004091,2.016368,60.239478
0.374796,1.082299,6.873848,38.245676
9.170180,11.427747,7.820969,41.406458
11.238428,10.156729,8.450772,49.111195
8.700403,2.252829,2.632627,75.632652
3.434283,10.865016,2.189724,65.092052
9.509863,7.112318,12.091244,35.048219
10.432658,2.987777,1.264238,37.403024
8.978136,4.398853,4.306216,76.757506
6.772010,3.113785,6.941473,64.726549
10.875110,11.949862,6.999881,69.235582
5.870649,2.429208,7.057382,79.965304
1.133846,4.310026,2.284021,32.076745
7.055759,5.958176,10.787263,59.063789
7.878737,3.516072,9.730988,46.674476
1.315898,12.074077,8.149349,37.923381
8.507951,1.231212,8.150926,39.494242
9.805685,11.871744,10.556563,49.250385
11.611435,10.048003,0.433120,68.473786
10.953572,7.818700,5.920512,31.530254
11.368283,4.755684,1.704389,31.453969
1.057585,4.859129,11.930422,28.087582
2.241760,1.902091,7.166332,31.458079
8.577805,5.848705,9.119028,58.521285
4.019675,6.680049,5.609215,64.743681
0.310507,2.233668,11.134852,36.253754
1.744101,3.989329,3.280443,69.769524
12.071195,6.252286,8.921858,62.317566
3.329985,11.805056,7.520036,35.491998
1.842064,5.491711,8.873326,74.025829
8.904211,12.903243,5.592811,27.892055
11.794965,6.141896,8.951511,65.807857
3.198853,7.108429,6.317286,55.130013
4.855902,0.742810,1.683779,61.524850
4.129720,7.792807,7.643494,79.048209
2.904542,10.787419,8.330636,62.645705
4.484611,8.717929,11.292400,40.140567
2.834945,1.999750,5.905407,63.688013
7.494316,5.569283,3.869687,68.021558
6.720485,3.307595,7.164307,45.852566
4.107496,11.142174,12.750347,48.060569
11.921282,6.949722,6.180135,28.892941
1.426755,9.928558,7.174523,30.302747
6.991780,1.062765,5.004124,66.937718
10.861179,6.681388,0.899464,40.691056
10.232381,10.185361,2.936430,55.715519
1.136974,9.891951,6.058875,77.637043
13.091758,12.340354,0.785516,44.536218
2.253469,2.666968,9.256771,68.827367
1.696069,2.405967,0.479017,54.630614
10.393795,0.228175,11.940297,63.548609
12.560898,11.935802,6.650733,37.992007
9.876657,12.194097,4.182871,34.825483
3.346406,2.392334,0.967758,47.368982
2.081934,3.056503,10.359985,52.072260
11.409724,5.734014,12.146381,41.103822
1.321768,7.632248,0.404871,77.041354
6.866103,11.470005,7.055955,43.310738
4.000720,8.833731,2.034753,49.672364
5.439137,10.943993,3.369286,49.098222
12.587395,8.863556,8.012273,65.728692
-0.028798,3.359248,9.714952,58.020720
7.119208,1.325852,6.739284,41.825348
4.841917,7.093547,7.687413,51.762203
5.712759,1.974961,2.732015,38.752198
8.773378,6.167238,7.324989,41.438070
9.911051,2.556746,12.767640,64.640982
0.676757,11.745334,8.802781,37.767723
11.184885,7.698531,8.693695,42.369129
2.058394,8.302178,10.666399,41.385107
0.409547,9.929284,4.629283,26.384867
9.002802,9.015061,10.103182,66.687566
4.031321,10.540497,8.381362,55.494334
1.825900,8.209691,11.024698,36.808681
11.535430,12.534297,0.695223,43.909598
5.740095,7.347647,7.620254,21.326200
1.875290,5.071556,6.660582,47.441601
1.747963,5.083845,8.052550,21.084653
1.789729,3.267232,3.101224,28.114415
7.776053,10.456534,10.697094,54.104984
1.606118,5.989753,9.198045,53.911433
8.737425,1.973232,2.044864,79.477832
0.575809,2.258072,0.207965,34.803536
10.582227,10.741077,7.294625,68.153337
3.459066,11.945297,0.025383,22.020261
6.063303,1.873550,5.772321,34.825253
10.349304,2.630510,3.041077,67.050919
7.156223,3.249522,8.620892,40.963537
11.459079,6.945181,1.962586,20.605837
4.737501,11.181616,12.767756,57.585759
2.327073,4.566556,1.720218,74.891526
8.371350,5.040941,5.245341,64.682829
4.219435,5.273992,9.338376,44.841019
2.937697,5.389124,9.495381,42.561233
12.631845,0.144276,1.432893,34.377029
0.772545,4.027961,11.628170,43.328751
6.835898,10.641070,1.858629,38.020178
0.544963,8.446523,11.059568,61.431204
2.842028,1.886133,12.723944,65.201084
10.212576,12.939780,2.650084,33.082494
6.468884,2.995619,7.436868,20.959289
8.346071,10.638102,10.235228,66.423552
4.320109,9.872075,4.808535,72.878195
7.725854,7.028259,11.569930,71.381943
3.233287,0.795238,1.016881,75.750196
0.399017,4.891724,10.772874,68.074176
2.471382,10.398350,8.121932,69.627481
3.707069,11.581648,7.862670,61.310210
3.760111,0.844445,5.515605,43.317717
8.028439,4.690013,1.131470,26.541820
10.728814,9.401061,6.852784,53.310250
12.210351,0.945407,4.020030,76.359651
9.030221,5.449351,8.775174,68.020301
8.466967,9.952077,5.539093,35.245374
11.170763,1.545360,6.420105,29.491986
13.343891,8.080054,11.594596,20.246700
7.632846,7.826035,10.581940,68.672382
3.114977,-0.081548,11.640022,37.102801
10.811706,6.457170,7.644712,27.424092
1.046424,11.440836,3.647163,34.301084
9.631407,4.472022,9.328317,31.519314
6.789148,4.809723,6.269646,40.018509
10.268431,1.899737,7.178704,61.121987
3.361227,9.199103,2.295741,25.340805
3.340452,11.227745,8.667935,60.005485
5.060516,6.173868,0.933741,61.383277
0.920779,8.184175,1.694304,60.235877
10.640790,3.018445,12.711827,30.568967
11.838140,5.825207,12.228498,23.872293
3.520396,11.094462,8.603285,65.844724
6.369854,1.161443,7.019237,36.505572
6.338076,4.931865,4.542193,60.066161
7.334455,8.305196,10.581199,78.358938
0.138843,10.394164,8.234930,56.538030
5.753805,6.847217,7.676833,76.021285
5.686150,7.128818,7.873912,56.952843
9.501521,11.211950,0.716531,63.737635
1.105973,3.655828,11.723857,27.551703
2.574664,4.462196,12.226925,74.409988
0.616101,1.841024,11.103793,41.911383
9.112400,2.552726,8.283810,68.239704
9.965912,7.537674,3.389037,24.535472
10.980769,9.500152,11.715408,26.843096
11.976551,4.519632,4.854598,76.281961
7.061658,4.142329,4.345914,73.192576
6.116771,7.255140,7.980725,49.101676
4.223847,4.740275,1.720049,52.069652
8.038840,7.036139,10.114620,33.798350
12.502196,5.005527,3.311772,31.932236
1.181603,8.807960,4.019116,36.814623
0.861310,6.931410,8.971796,27.143648
4.508838,12.977963,11.921268,42.297721
1.491486,4.172086,11.840047,25.852463
3.700072,8.848042,3.056682,57.448791
2.366919,6.694794,6.624830,43.148717
2.807089,9.947785,4.295985,58.496144
13.364566,0.343564,10.242012,48.735813
3.705520,7.910768,7.905378,31.130457
9.783920,4.198382,4.865227,50.786584
5.131357,4.164338,10.289998,46.110453
4.826871,7.354619,7.794857,76.577225
11.139347,4.682184,11.496747,24.701848
11.124997,4.558595,-0.025043,72.407287
10.351768,6.215943,1.731241,30.490526
5.885726,6.326793,10.608564,79.106363
10.535523,3.929557,10.755863,40.849151
0.913458,2.140693,11.200167,76.201282
10.818141,4.541566,9.035274,37.963016
10.305544,2.725233,12.728923,70.880535
11.185332,-0.304160,7.592495,33.191949
6.048168,4.226148,10.591720,59.382445
11.228468,12.844686,12.043850,25.965252
3.142152,1.380882,0.673935,50.029124
1.549828,12.720910,4.096220,28.496398
9.213519,5.095169,11.673536,23.839944
1.870489,8.901106,9.752282,44.334242
11.607256,9.810679,0.731130,27.630615
9.520411,8.114465,3.354123,64.346792
6.151025,6.541386,1.060276,47.056541
5.078744,8.636712,7.082946,78.059801
0.340450,8.472709,10.979461,55.348550
6.996377,3.120574,9.888788,74.093331
10.150045,2.968682,12.057647,50.826073
1.930759,0.261812,7.030496,73.334678
4.264261,4.893948,9.827424,47.054343
5.538931,7.149952,3.152897,29.965707
9.156928,12.557827,8.790803,37.514298
3.543319,6.856198,0.676016,67.370258
9.894333,7.101247,7.269091,62.617253
7.303011,1.492568,3.925647,47.501960
10.678886,12.976205,7.294988,34.022388
8.632412,6.997290,0.052913,42.755503
7.424589,5.252521,0.952528,63.724964
4.222779,10.959109,7.477744,44.396246
5.553025,1.641234,12.165869,60.254822
2.238233,4.360033,11.763548,66.476686
6.948299,8.202130,0.386451,46.544657
5.563387,12.803189,4.211044,73.141955
7.046258,2.250313,7.115881,60.520852
2.826859,7.821518,10.329229,40.799841
8.348135,3.525261,3.807041,22.517417
8.990510,11.872144,0.543451,64.668261
6.545676,3.957287,6.554308,69.421628
10.622814,12.870682,3.645724,42.374928
1.080699,2.810355,2.023772,22.686766
4.454704,13.263832,4.860488,79.957959
2.297613,0.505545,3.701514,31.219522
2.965011,9.948724,4.715311,66.681767
6.803245,3.703544,2.136741,61.660317
8.321788,10.773956,3.250244,74.995322
6.335160,10.907283,3.414463,48.125552
7.570735,7.659172,4.927942,47.816818
10.465204,1.600278,11.166645,50.783012
10.364249,0.227887,5.943248,37.029502
7.603597,9.019728,0.944127,51.375653
1.437519,10.042803,4.813026,77.415419
-0.115957,0.351340,3.177894,75.798152
7.393718,10.110149,10.564060,70.342911
6.816691,12.385550,9.068232,47.991538
12.010559,7.621761,5.553186,48.037699
11.822440,9.908043,11.464260,53.730574
3.609472,5.590631,2.599478,66.178872
3.305770,10.766945,8.584410,24.508280
5.515854,3.524425,6.722114,70.874537
9.357700,5.741766,11.875200,32.404819
0.430649,6.731521,8.761150,77.015947
2.824382,2.059869,9.625297,52.154087
8.124539,6.754506,10.588963,70.615035
3.519804,1.753005,7.715592,25.889107
7.088681,5.814417,1.679480,39.552697
4.281333,8.828979,7.028791,50.965777
9.841439,8.470359,8.973009,47.557303
1.094260,3.341061,4.728684,60.180257
2.115478,3.314721,11.639112,25.568679
6.927743,9.423897,6.801235,34.392813
11.239474,2.674781,3.587370,74.242970
8.445045,11.432973,3.649973,70.311295
5.101236,8.272036,1.715495,20.253556
11.840176,8.550130,9.625774,20.586949
7.580345,-0.391281,1.543604,40.652719
11.537979,6.065873,6.843495,63.624951
11.382209,0.353312,2.218979,30.666452
11.598818,0.937444,3.303216,40.215003
5.495705,3.314968,1.387570,20.925481
12.085468,1.195020,3.831791,22.358748
2.906839,9.268903,2.379198,68.230140
8.993403,3.384401,6.658348,39.012265
11.369654,11.139745,5.385899,74.884502
9.754992,7.537984,6.258365,23.415129
4.135369,11.562129,4.002370,42.950753
6.496064,11.288487,9.510640,23.973905
2.205725,4.420774,11.966633,68.636151
3.103446,3.226848,2.317757,63.631939
8.790665,8.385086,6.454331,45.133930
-0.166196,1.334262,3.822866,77.869858
2.703601,12.833979,9.304205,28.181957
3.892323,3.503027,0.247603,34.737150
2.689426,6.003906,9.733492,75.450955
5.210001,1.152778,2.499819,75.736457
5.131685,2.558089,8.008045,67.084453
7.033412,4.169430,8.197218,29.462079
4.360023,4.687512,1.291376,71.055492
6.190518,12.038436,1.589760,51.384663
11.250828,6.402513,10.272329,67.889339
1.755667,5.085517,11.902132,64.177805
0.646583,2.710948,2.798743,67.447102
12.189405,0.381876,2.121954,73.738328
0.914365,5.840544,8.301140,47.067104
12.177319,1.762136,2.564346,28.616051
4.821753,8.616433,6.114217,28.959654
3.847776,8.624676,10.395590,32.830281
7.449232,7.954182,3.049741,73.726054
5.114964,4.919839,9.322535,31.872844
5.090615,11.358492,0.370550,66.979538
6.362892,1.153444,11.912916,67.342404
3.182030,11.832038,8.773092,71.831458
2.061748,10.559326,2.870826,28.810005
4.886031,7.783381,7.235757,63.872638
10.052285,5.127623,11.591211,76.068436
7.241413,9.262265,0.848647,76.703446
7.769328,7.325718,10.672990,44.437220
7.556723,3.018267,7.803531,48.518062
6.499964,3.031392,7.067555,28.688228
3.042265,11.243980,7.997001,27.864097
6.182351,5.748284,4.686774,77.332688
2.486896,11.842749,1.024298,55.717484
11.401709,12.058019,11.975062,47.219178
12.177258,4.233298,0.187496,32.781266
11.974876,10.017876,7.153717,26.833904
2.313977,4.172046,11.695614,70.453712
5.287665,7.711319,7.838538,44.362937
3.194323,0.042274,3.657989,41.193508
1.622389,2.909427,11.693160,48.213561
12.370820,3.109436,7.802958,69.675407
0.425208,3.746320,1.446341,60.307190
0.299929,5.524150,4.543065,44.550625
9.767669,9.977509,11.897472,51.164311
12.702930,10.277267,6.448385,36.442671
5.608038,5.147321,1.806441,60.219735
3.826571,0.158067,8.253898,29.774097
2.870285,11.244072,8.434653,73.289027
3.080668,11.808398,8.212210,38.120770
5.391060,4.487533,2.696292,38.530443
5.910897,10.660909,11.791721,56.318258
0.772039,4.991944,9.907902,71.389020
3.560422,10.541876,8.697642,46.423628
11.776598,8.254757,3.570406,46.007047
-0.269836,1.509286,3.706536,77.864364
4.623357,10.536279,5.856502,71.664865
12.047308,8.992760,7.588253,30.986073
5.192780,3.830176,9.429010,42.555766
6.974415,5.136675,10.139131,68.428144
3.877989,1.775227,1.897153,56.804322
5.260230,8.484979,7.582247,56.244452
11.186576,6.746589,1.833299,70.474537
0.419558,3.089298,9.630580,56.428227
11.755761,8.345662,10.781514,28.767124
9.081054,1.475949,12.098000,49.280266
4.925822,8.459613,7.785144,65.738506
2.662451,7.741263,0.204457,69.018254
0.813808,4.446989,3.531820,76.258984
2.729137,6.734424,12.538510,63.433120
4.417141,5.679683,6.899527,27.150584
0.616382,10.424723,1.572629,78.827136
7.546173,6.734420,10.750928,24.609887
7.487996,0.578760,0.476672,46.304673
7.494285,0.800734,3.831401,40.338163
10.722328,8.668206,6.113434,51.416627
12.297742,1.029140,10.544733,73.180392
5.956031,4.857160,3.522174,50.627470
6.369142,2.520345,6.657430,26.828940
7.328898,2.975936,7.099989,47.733516
13.487458,3.163999,10.124883,61.142874
7.759375,0.377509,2.042633,52.779111
6.222232,10.019628,9.570255,43.765115
9.901787,2.936596,11.246660,40.211748
1.267316,4.276867,12.105308,73.910003
8.961701,4.287497,4.756164,68.067398
4.935752,1.541768,1.210164,79.464982
0.261113,3.015374,7.905409,26.440614
6.514400,7.614497,7.892101,64.413102
6.301385,8.385697,5.649174,39.695487
9.409974,4.858524,6.756847,58.896400
3.559374,3.879566,2.693021,50.748088
6.993099,6.596490,10.066132,20.068754
10.108122,11.215594,11.946347,71.875072
4.728799,9.149339,9.127640,24.916656
4.836742,12.608275,10.130172,65.436143
3.373323,11.680011,8.546332,72.394408
5.080345,7.987109,9.246775,54.706081
1.364535,10.628330,7.756338,44.627128
1.986546,10.961029,10.656549,38.181566
2.776962,11.517894,8.226292,46.813376
0.072956,6.568594,5.701829,48.230490
1.072398,12.404966,2.589570,64.886985
1.741584,7.067806,8.584524,39.777614
-0.058266,3.509692,0.222155,68.503361
8.951431,5.407552,11.842364,60.178044
7.866658,7.134700,10.871134,31.870981
7.465209,6.003844,7.603826,64.614730
3.001139,12.302132,3.354403,55.767922
2.619740,4.917386,11.805558,72.912167
1.097224,10.453522,8.466174,51.680096
1.495087,12.865723,2.642959,78.739008
6.579831,9.990622,2.135964,25.806150
2.844036,0.559500,9.079868,69.518097
11.472964,3.323757,5.021831,23.118096
10.291129,11.580956,11.798509,21.708737
8.526861,9.336600,3.281214,45.038127
8.662474,2.866047,9.559643,47.227250
7.137676,6.655058,11.092462,25.343882
3.401788,10.387843,8.434045,58.277008
9.952332,1.667397,2.312502,70.555916
11.741053,5.619427,6.882421,73.505164
5.002343,11.111869,0.464226,70.370961
7.846839,7.895342,10.645984,27.773790
6.434768,3.170402,7.363406,47.374451
6.103982,5.244464,2.741168,76.667213
11.996153,6.479762,11.808891,37.979353
7.015040,4.257527,4.112758,49.745179
9.107408,8.460806,8.307484,71.283815
12.883880,5.681654,12.249478,29.140995
3.603293,11.067629,8.443813,33.490099
-0.465272,12.456330,7.163975,46.691272
9.628819,12.023894,6.117341,76.505900
6.479805,7.141805,4.194446,37.987777
5.598448,3.220418,0.338394,24.974151
8.083451,7.534994,3.929500,62.486354
12.156520,3.344494,11.293797,50.695925
0.541796,1.664893,4.836637,67.050761
8.617292,4.267663,6.229380,27.343744
4.725486,7.590483,11.729067,66.005282
6.464482,10.154530,2.311727,53.014737
6.566947,2.525792,1.604214,21.278832
2.897896,6.538347,1.261054,28.608432
8.191290,10.559020,4.938349,42.217820
7.856579,4.680462,3.043089,35.168892
2.477490,2.699961,2.273050,63.013383
5.178808,8.001457,7.889825,24.837783
6.787631,6.633894,11.437294,45.752345
12.068167,5.118903,2.194512,57.083523
10.508082,0.502398,4.627770,79.971591
4.332286,0.512717,12.613293,25.996868
0.034836,4.660641,0.534902,41.926203
7.205509,7.611453,7.691885,76.664869
12.009787,5.402277,6.578632,27.444808
3.361278,0.125733,6.135460,75.364673
10.479959,6.629036,7.886984,43.797255
9.843737,10.410582,10.725194,22.860432
9.179661,12.771973,2.692811,56.458968
-0.026568,0.247430,3.721492,44.954118
5.228936,6.907923,7.821477,67.312805
2.566322,-0.139986,3.109320,42.024246
2.002746,3.219185,4.259532,46.073876
5.299772,7.754289,8.030311,25.951086
10.727069,12.040725,4.820622,40.329543
5.574134,12.080165,1.360526,69.412772
1.741605,4.391517,6.108316,55.990083
12.705827,2.710016,4.197020,74.381917
11.309960,9.523537,2.473833,76.974710
-0.191247,7.883521,11.874440,67.916395
12.229221,2.660419,4.060020,34.751420
0.997452,0.582015,9.041040,70.494040
5.483102,3.770523,8.393742,40.679334
5.723658,0.378211,0.578209,29.078512
5.526867,8.583609,6.944789,51.419111
6.067150,10.283556,4.534056,74.539998
2.911115,0.724214,6.385592,76.345107
8.915563,5.123160,-0.036912,75.218896
3.336098,12.018382,8.693034,24.843440
1.999004,7.140042,11.668426,58.064235
7.711927,6.518153,10.440430,25.218134
2.793497,11.673592,3.949493,63.276978
3.374842,11.850602,8.749266,28.025530
4.425256,1.983937,5.053215,50.001096
9.116581,12.178012,0.958917,65.090089
12.323809,10.701681,11.512623,52.472959
7.675979,4.861870,6.130799,73.189369
0.059065,11.732215,4.645865,36.523837
4.822941,5.287171,6.003634,42.044632
6.640019,7.522507,1.398219,42.383674
3.653672,3.867880,1.041933,66.943867
11.423755,1.692402,12.006338,40.670256
1.577237,2.044408,0.720099,22.117112
8.896451,8.089189,6.059924,30.583591
11.049813,3.006154,11.623716,71.531735
3.202597,10.064968,11.400193,51.946896
5.980129,10.294146,1.854154,46.512027
10.132315,11.388400,10.171470,71.589051
8.231637,7.517196,3.727955,56.450439
8.343965,8.946691,0.098207,22.551646
2.714310,4.453764,2.924158,49.007230
5.791043,6.669620,6.341619,66.280946
5.022091,7.870670,7.717221,40.501173
2.324806,3.512151,12.077301,71.178172
8.523194,7.678243,3.002975,68.458986
9.495278,12.837670,10.794003,47.042967
5.718023,11.875658,1.189619,41.876577
2.243051,5.031830,11.965221,71.918692
6.028813,7.522625,11.137015,67.176291
0.967950,1.386496,3.997456,33.685913
9.682773,5.533653,0.143710,58.874235
5.205659,7.177486,8.104897,51.408760
3.029419,5.905165,1.554446,47.585566
0.911824,4.086506,9.074760,63.492519
10.192772,5.760544,5.825055,58.462258
5.720901,7.956485,7.734206,74.778018
8.288536,5.212968,4.349721,40.814359
7.540475,6.872545,10.298065,43.852991
1.498899,12.297164,11.426097,23.119456
11.164218,1.076901,6.186068,59.920930
10.016334,12.899305,5.205638,30.089994
4.688854,6.956115,3.694850,54.530200
9.736150,8.105670,7.406339,67.323925
6.407932,3.448671,5.540236,58.354155
10.718717,12.331410,1.654656,29.993367
6.483124,8.181891,7.476024,63.801189
5.142910,7.195180,7.742812,59.323080
2.337451,12.138375,3.082989,41.150368
2.666033,3.478661,11.946748,46.876264
5.227385,8.825566,4.860057,48.547824
10.310852,5.165280,6.083187,53.773029
8.117986,6.244587,10.654368,61.432538
2.201907,10.478766,4.572576,52.449942
7.109233,11.281768,7.188861,71.837213
6.627097,8.865138,0.387143,72.611108
6.953239,0.044423,10.951439,39.839373
-0.259403,2.476136,6.486434,62.078906
12.399068,3.986569,0.959848,29.154275
8.576755,1.164641,8.190924,79.294238
7.680763,7.282966,6.499196,68.104412
10.432781,3.242258,11.460356,38.102861
6.628875,6.996668,4.331604,57.716513
1.874434,3.745065,11.680215,26.820615
11.734411,-0.214923,1.505653,30.803945
13.124866,2.599708,2.340745,49.946451
7.421562,6.993959,10.259644,77.179984
9.669821,11.289728,5.637277,65.737892
1.780102,4.860900,11.858002,44.485982
7.849846,10.637063,2.622623,28.923230
1.998292,6.057921,9.210709,53.901550
3.340861,6.024166,2.299392,53.528452
0.187990,7.512471,10.224796,49.301385
1.584093,9.490066,9.771152,71.852597
2.563487,0.052261,7.547084,20.438096
3.044664,11.769683,8.350038,33.851210
12.842490,0.618860,8.909610,41.415571
8.810479,9.409200,2.442814,49.090158
6.637147,5.476906,12.494445,46.765948
0.309462,5.262904,1.238738,65.744064
4.963694,1.296080,6.735288,22.437444
9.252254,8.280783,9.882507,35.771148
11.284109,2.404492,6.261572,57.519643
11.911403,12.343475,10.615257,59.918797
11.786942,0.313548,7.280555,78.180062
4.102283,5.199598,8.855086,57.748105
6.797772,4.064501,7.477665,49.752394
11.242418,4.288059,2.449852,32.330774
12.495536,0.607982,5.881834,37.729844
3.723237,11.502109,8.244211,39.883398
3.389192,6.956945,7.124158,38.631487
7.025618,8.080710,0.434942,58.759663
12.726426,8.924376,11.075400,34.644245
4.702900,5.358429,6.584039,65.436959
10.410518,0.400033,4.443261,64.032839
5.563379,9.919678,2.823086,71.561204
8.459575,9.421778,1.457101,34.804667
1.771624,3.997863,11.882256,44.052770
7.296218,6.024637,1.536086,79.074847
1.910910,10.787540,3.849016,43.934683
10.806556,10.301586,8.593926,58.040686
3.488052,5.914288,11.612491,56.183117
7.599754,7.531164,12.131878,25.623784
2.604807,11.684956,12.584240,59.278517
-0.299911,-0.409192,1.083510,64.283554
0.552132,4.803101,7.393517,41.868282
8.082950,11.204964,6.381213,69.227503
5.469150,9.511669,0.735386,38.618226
5.487701,10.242767,8.474722,38.385982
1.269018,4.784926,9.604080,61.211107
1.271109,3.319951,7.110592,57.965277
12.523995,9.661219,2.010824,63.748264
-0.111623,3.458496,6.701793,29.113639
4.607888,9.645048,3.355481,68.670180
-0.335213,2.244292,1.466650,68.861681
7.773753,4.191539,8.191071,77.903140
6.667087,11.108275,12.642156,48.237175
2.699116,2.347009,4.599325,61.386157
3.576517,11.266986,8.405458,58.159135
11.821606,-0.068793,11.483368,26.528796
4.662018,5.687272,7.609334,57.598861
6.354745,13.488724,10.944134,35.270891
7.806978,7.320578,10.972462,63.884982
4.121473,7.448870,2.746748,53.802663
7.261331,8.119676,10.444499,43.076356
4.219789,9.946089,6.102069,75.750651
2.172545,4.873648,11.859915,78.219140
12.920913,5.141817,10.454039,41.282597
1.968675,11.251027,9.881882,23.768106
2.157286,7.316367,9.294861,24.595440
10.702744,8.646506,2.029900,68.056370
6.426193,8.428768,3.267700,50.468993
9.801781,1.060391,2.199636,63.108120
2.506082,11.219665,10.890263,25.516497
6.614021,4.525915,1.956784,73.896522
4.112196,4.863577,6.849266,42.803087
-0.643697,0.745187,4.449624,24.616405
8.004399,6.694206,10.497799,40.663118
11.312561,2.240369,10.826388,62.708225
5.917266,-0.867320,11.296702,59.423838
7.818148,9.143073,2.880546,24.673476
8.460711,12.029890,12.483747,20.308607
6.070205,3.145936,7.243829,77.699137
-0.069680,3.347280,0.714792,51.388538
6.598193,11.501478,12.620701,78.839691
11.268482,6.720709,0.959538,26.977351
0.935105,7.273951,5.671641,53.738264
9.274680,3.750750,6.042639,65.492790
3.021300,8.734843,5.216258,50.907560
2.349234,10.480091,8.407991,26.326238
5.409106,7.323172,7.844915,61.361460
0.490149,4.447560,11.965270,76.876414
6.657064,7.987552,3.359501,28.486952
7.192638,9.936654,9.324585,24.322834
12.373052,3.454342,8.762372,62.353525
4.722148,10.380401,8.959166,34.917706
10.299646,5.141632,12.748750,66.502472
7.888604,11.327793,11.875071,31.913270
2.394766,10.347288,1.647127,68.344318
10.710148,11.389446,1.522397,20.200463
12.189701,12.450134,1.919010,37.440038
12.495883,9.621176,12.407248,74.811631
1.970835,3.803888,11.737374,48.468159
0.344356,11.745561,5.117940,71.131450
11.140890,9.851885,2.303888,25.966274
4.472829,8.297438,4.884565,41.936140
5.001047,6.458736,7.866740,78.545219
0.888733,9.916561,3.923185,58.441425
1.639906,3.373706,8.806624,48.238293
4.228270,10.237856,8.914066,76.154771
3.587180,11.560485,8.931786,64.823985
6.193399,10.184986,9.396920,58.665826
1.788213,2.993602,3.396236,72.734192
9.861180,3.227929,7.857082,42.702174
6.435581,11.799477,8.449272,54.280033
4.430624,10.480135,1.905721,54.998981
12.423558,7.319137,5.850438,30.872327
8.375007,3.704640,6.412307,71.439589
0.634545,5.866712,10.888402,65.608116
7.709077,7.071306,10.656516,52.689743
3.466833,10.122685,11.591728,29.759394
11.509353,0.461793,4.306127,53.906098
7.121166,9.402868,12.295805,48.334737
6.018020,8.091076,11.813674,24.651173
2.981270,2.009300,8.195434,33.467042
3.882686,11.249715,8.790599,20.273227
4.101093,2.105166,7.981204,48.738059
11.928975,4.406134,12.505688,55.369419
7.806460,3.000988,2.803202,61.554837
6.723488,3.665714,10.180858,43.296712
4.076368,2.202911,8.738792,22.295963
11.627004,1.793233,10.395662,26.876017
5.961432,6.967145,7.146636,67.093733
6.289574,6.242985,7.465600,77.921781
1.923504,5.415386,12.579908,41.993418
6.422223,3.048802,7.222440,77.862865
2.103029,11.783937,9.014204,73.888191
4.503627,9.307438,1.071485,64.744027
7.911463,3.459765,5.692138,68.313294
7.039744,4.827569,11.759261,23.062966
8.863915,5.930568,12.280441,66.165471
10.839525,1.985216,4.810876,60.196362
6.155318,5.380449,8.030104,61.121709
3.490237,6.754040,11.495732,42.650255
4.224842,5.655663,9.341314,74.010702
3.398445,10.722622,8.835163,68.725276
7.380979,1.657954,8.180496,60.188370
2.574098,11.965829,12.525399,20.343036
5.519754,6.790509,8.449252,60.395044
10.445053,4.350263,8.766036,65.968726
10.398925,8.637359,3.602414,44.273823
4.272493,4.634332,11.621536,28.892741
8.107850,2.445972,3.544353,54.786598
2.070585,7.948171,2.343439,75.389016
11.022967,2.970265,7.212348,78.901945
6.149785,11.766163,6.929345,21.919764
12.037175,3.124707,0.485899,67.419406
3.098157,8.548364,2.922988,71.477288
7.570405,5.904784,0.012215,64.003732
11.567293,9.518111,4.233235,32.351824
-0.864384,5.701319,7.803052,78.835375
11.882356,1.521925,4.713701,31.305070
2.100921,4.416202,11.484323,77.246063
12.363410,10.203044,3.345295,53.283513
12.034734,0.776062,9.978503,51.950760
7.188581,7.091075,0.105372,64.852174
6.421900,7.015410,8.992412,26.312434
7.423158,6.956779,10.393856,76.646904
2.945065,12.740036,2.669444,63.594126
9.310266,7.312057,5.985894,73.401486
11.159916,8.694790,11.051733,64.589478
5.277846,12.153378,1.815946,69.250936
3.000540,11.523641,7.841356,45.206942
6.859486,8.220033,1.708833,29.863203
2.396889,3.389233,7.461596,42.077283
1.383700,0.794738,5.899549,55.449064
8.718368,8.302243,8.222904,20.986851
10.229033,9.819831,12.567582,76.944520
0.333294,6.071129,3.791282,64.602990
4.889116,0.042271,12.448521,73.961501
5.129226,6.925158,7.518316,78.550312
9.692496,10.267927,12.522044,59.593214
1.989072,13.401481,4.634219,69.133420
11.559008,7.067674,12.119672,53.181881
7.363445,11.275697,0.982839,47.847529
2.368182,10.198810,8.340991,57.818176
4.801050,6.743040,6.242229,69.083068
0.524044,3.726347,12.355612,39.883901
7.270959,4.326099,6.095185,57.043677
8.590244,5.669542,4.256752,61.007809
10.327917,5.033622,1.771385,76.697849
12.172933,2.902238,3.796591,68.403696
9.604929,11.016372,0.791427,67.338473
2.727937,6.571889,4.909130,22.660629
4.163081,10.414995,11.109816,31.887827
0.676568,5.020759,11.741376,63.604825
7.792672,7.415471,0.667877,74.439991
4.995475,3.764670,1.024713,48.396628
9.872048,9.813340,3.908665,27.998045
12.363843,1.689260,1.868123,28.454119
8.432443,6.460722,12.070992,44.130168
6.712071,0.326361,10.129872,51.151181
1.329501,0.102362,10.376629,33.095400
7.343237,10.554306,1.455083,59.987757
9.252589,12.593787,2.987577,32.508505
5.331516,8.076734,2.788210,66.566362
4.218488,7.338746,7.604350,26.189643
5.335124,8.074436,8.330972,49.011535
7.821312,13.093296,7.961502,42.642670
3.640238,11.076489,11.298889,61.157117
4.911004,7.525828,8.314799,60.318847
9.895851,10.746620,3.297621,64.251265
8.067987,10.782009,-0.058050,40.687120
5.463110,2.464115,3.253947,69.009359
2.417637,2.335186,0.152409,60.235265
0.271406,11.766402,4.771177,42.267927
6.975984,3.149179,3.684780,39.349302
4.826089,12.177673,10.696603,33.779811
6.649821,0.710305,2.981128,78.652306
9.124391,4.816965,6.195965,45.655381
7.945280,1.132213,2.308364,36.353793
9.874225,6.252527,4.606525,62.677422
6.217400,2.214058,10.258664,61.212643
9.614203,11.155485,11.179787,44.910569
2.123753,6.818396,8.111691,45.322696
9.248153,10.502948,5.427110,70.917987
0.381293,13.181118,10.838503,58.864553
8.772066,0.925761,1.712778,42.582205
3.433149,8.924367,2.113929,33.370308
0.801405,0.281351,10.188244,66.740492
4.522235,8.126930,1.174996,63.396851
2.012604,2.399233,2.131709,72.622472
11.501459,9.650427,6.045715,39.582332
10.880682,1.415877,5.724034,43.431132
1.616590,4.845791,11.398379,48.145956
9.018301,1.444176,2.038360,68.048521
11.345261,8.576337,9.616945,20.487505
5.908213,12.359883,5.800865,67.065253
1.426945,2.284133,4.356230,40.742428
5.809594,13.271962,10.321782,44.043095
2.883466,8.878713,2.065992,69.716563
9.923443,5.797373,11.768000,57.941933
7.279443,12.750747,4.492973,70.642906
2.343752,0.718019,11.710120,71.209653
10.280490,1.348267,2.100409,23.142096
11.587748,7.367324,3.637500,60.342554
6.341874,7.296488,7.160878,45.193025
11.939492,4.465100,9.984663,36.468675
2.139427,3.053688,2.411761,71.935098
2.066671,8.050936,8.780668,20.312720
11.758617,10.434013,0.146324,68.756876
1.944679,12.167237,0.169247,48.974155
7.573888,12.058568,4.887041,55.870229
6.522212,12.007602,11.480632,60.850087
7.768592,10.047043,0.606053,33.925713
3.801983,10.286327,6.867352,27.370656
4.983499,10.753885,2.913364,69.948874
12.471972,5.455252,2.579263,22.674842
2.107517,7.814231,1.670401,40.738969
1.466733,3.658225,11.642308,26.482807
1.592814,9.825726,3.967006,25.337688
5.944063,6.263622,3.435418,56.989350
8.202476,13.360417,3.291411,35.469988
2.405503,9.045593,8.164311,50.026797
0.483418,2.778520,10.601109,56.625048
2.305233,11.144548,10.727010,23.787684
1.324657,8.393852,11.985802,54.324948
12.785516,3.243874,4.577314,66.975758
8.731536,3.875958,1.800210,21.042326
3.509676,3.581114,7.769582,37.241815
8.291000,2.633693,11.460293,26.902556
6.239332,8.492992,8.871585,37.936183
10.335078,7.369346,9.775340,63.305616
11.612691,10.469907,9.939109,45.622060
6.127512,5.268214,10.411315,72.405492
5.689471,2.076696,4.614497,57.260895
5.625963,2.929908,8.930894,37.386158
3.550056,8.719583,4.666398,31.157099
4.861295,12.299121,10.490470,79.853245
7.826869,2.286024,0.950642,70.882954
10.708755,9.905381,8.677382,36.960730
0.766627,5.125871,12.163732,43.302312
5.092220,2.733546,6.326755,55.857514
6.920586,1.691392,12.004056,38.483057
2.258182,0.862043,6.491522,54.356500
0.993004,12.355931,6.480363,61.039595
9.310986,3.058541,6.635689,62.103841
10.944568,2.132158,10.344591,25.815172
1.081885,6.093907,4.717665,61.856407
10.724763,4.949314,11.999890,66.453238
0.259231,8.506420,9.198558,59.207704
6.951296,7.397125,8.452233,40.382194
-0.032271,7.029824,2.515353,75.264129
5.964980,7.347139,7.279053,27.765200
-0.373465,3.054708,2.846999,41.950896
8.868171,3.137247,9.763347,49.009581
10.218676,10.415019,3.297169,52.215381
9.809499,5.644904,4.164360,26.960561
9.029553,12.024077,11.600042,23.684349
0.480416,5.642362,4.219110,20.377762
12.867557,4.117469,4.026886,53.780448
4.783726,2.064795,2.463275,26.978076
10.665574,9.124713,3.485831,40.802177
7.745644,10.537561,0.498916,42.286556
5.223672,7.800278,8.397163,30.234458
8.733367,0.152331,5.653369,49.066926
5.324991,7.984653,9.902565,32.759243
0.312063,11.576859,12.759922,48.953680
-0.257488,4.039810,4.134577,37.366064
5.094040,2.413716,8.579513,29.671513
4.441267,4.778351,11.584004,75.970631
11.063607,6.165086,8.821321,57.852561
3.180101,5.016614,10.654060,77.723910
2.995579,9.282102,6.588877,78.789402
7.539161,6.723300,1.907674,41.724464
6.006441,10.265698,4.459996,54.678874
-0.244133,5.336087,2.849327,73.951960
4.404582,2.630299,0.226863,66.590081
7.408770,9.344054,9.938741,70.802564
0.680762,5.194382,4.246185,65.016642
7.770311,5.084388,11.390934,20.087284
1.454686,4.844550,2.198602,62.541835
6.734081,4.979121,0.137850,78.936824
2.550831,3.586080,7.980189,79.449573
1.775947,7.238888,7.335792,62.493143
7.298179,6.768484,10.979267,41.782689
5.409512,-0.321458,2.818369,46.341220
0.132051,4.263870,0.572224,74.330588
12.856250,7.722475,4.849053,60.386244
0.650842,0.229715,4.597798,26.654174
6.115086,3.734694,4.761169,32.808796
4.722531,11.601153,7.541028,69.297050
12.464734,7.029736,0.939886,55.917337
7.615248,0.049672,6.527946,28.074409
5.985403,3.471881,12.365611,56.340889
8.335056,0.170960,4.080158,65.658849
12.192713,10.283662,0.464022,28.443559
5.328916,2.626962,1.684152,68.759620
-0.324447,4.199979,0.271180,56.937154
4.185982,7.071263,3.810681,49.812579
5.311093,7.619707,8.014143,73.344401
6.323698,11.581701,1.025136,68.342129
8.737519,7.816928,0.096016,68.385711
8.856690,0.914897,8.027706,65.385105
7.393318,7.462933,10.351456,37.403049
8.448875,5.400819,4.908069,35.256212
8.065287,5.550950,5.514195,73.743158
8.651920,4.624587,4.088169,39.304777
4.742226,6.384590,7.750866,56.429005
8.118610,6.346928,10.382452,35.656991
12.000322,2.818477,2.025231,22.904927
6.174832,1.955979,6.948294,27.879533
8.186327,4.531778,7.240085,22.826098
11.428627,2.608228,1.768041,22.681747
10.427832,0.905812,4.635621,79.287719
9.289943,5.759060,5.761266,52.920510
10.819410,9.076937,0.226132,57.174225
10.313411,6.948417,0.144511,27.630272
10.262416,12.022486,7.029126,46.201541
6.526510,5.060009,6.514272,21.754106
7.142789,5.621028,9.147370,20.887144
9.473510,4.386059,1.272415,35.794864
11.493384,12.118297,3.174831,22.212779
6.205239,3.173578,2.723503,30.298877
10.497717,11.190564,9.585476,74.870840
11.315272,2.037523,5.337975,39.053089
8.540135,9.922092,9.479727,55.129388
1.528633,-0.293883,8.938388,71.759454
3.882543,11.081505,8.692495,55.014116
10.015550,9.208540,11.918265,60.097465
0.683823,4.152656,2.310803,66.819416
8.610142,1.983666,12.844554,67.229610
4.658751,11.939407,3.860413,62.972037
7.948556,3.929638,5.658634,44.406670
7.588690,5.557895,6.473615,58.736809
0.013113,9.768179,4.529135,50.150088
8.974220,12.984154,9.749156,75.744319
7.024388,5.616438,7.695149,54.559187
11.790215,10.734355,1.061344,60.590406
3.665267,11.233574,8.581312,62.218603
7.371297,12.353841,10.796774,57.328779
5.815680,11.793284,5.632659,49.495779
8.420735,5.480531,2.671541,31.482287
2.829732,7.628531,4.070159,27.431014
3.457104,1.787576,9.693380,65.992716
7.965641,0.583441,9.339860,78.625073
-0.196311,7.043777,9.759153,59.948078
3.618650,7.476045,8.314377,44.396292
10.939120,0.983116,7.269869,22.103720
6.778730,9.562951,9.933135,30.774806
6.985261,6.808473,10.615124,34.028444
2.816377,5.348159,7.405104,22.819921
7.241396,3.363639,7.535375,62.548640
4.626333,1.855040,11.269243,22.300989
3.398791,6.248872,12.859143,74.109576
4.003134,12.858637,10.973523,45.205008
0.380626,4.221319,10.550064,66.690135
5.434333,10.867543,2.179710,63.515142
10.631449,9.949245,12.671581,44.352702
5.564938,4.824784,7.394417,29.295407
3.318379,2.044857,12.717955,36.608268
9.918081,9.244795,9.811759,44.438286
7.840032,11.617416,5.848324,37.916118
7.758119,-0.034419,5.739277,22.395828
9.504159,10.112977,4.729490,50.332425
4.477148,5.332150,0.736122,62.905082
5.497249,8.052890,7.654716,74.551073
7.253031,3.779051,6.590991,29.229072
9.040641,1.863814,12.806923,42.727970
9.031868,11.647789,10.529788,32.561725
8.434630,10.270851,3.722630,37.676910
7.854607,1.339037,11.710485,67.568272
4.621917,0.107501,5.967503,25.333576
6.238747,9.735266,5.256318,46.396318
4.169151,5.908135,1.312874,35.351807
10.673897,7.811625,12.737271,28.357407
4.908470,7.827645,7.660976,23.700261
4.206805,10.859194,8.793122,48.422278
8.053412,6.683326,10.453869,56.484187
11.675971,7.301964,11.887818,61.915410
4.877385,9.841561,3.329627,53.804068
0.470044,7.021222,5.354423,41.342542
9.504065,10.383943,3.208252,62.408121
11.486175,3.218938,1.158220,46.122252
9.479604,5.529671,7.171951,34.039927
1.228325,4.471937,11.784237,64.291554
4.839619,5.337585,3.468440,57.451865
12.438598,12.707793,10.098345,31.102929
11.666049,2.643887,9.008418,35.666199
3.469255,11.542015,8.803188,79.097427
3.020636,1.443718,11.758470,45.956162
3.105974,11.093148,8.728414,59.292882
3.860935,8.691337,1.826141,43.483043
3.029554,3.058788,11.959641,59.831310
9.738028,1.243204,7.230891,70.083471
8.751854,3.385030,1.397150,68.694285
3.457986,6.167067,6.927976,77.543720
9.670966,8.895481,10.197368,39.682687
7.219382,10.114666,2.109450,28.739538
1.733677,9.115200,1.593001,60.603669
1.735807,6.255953,0.317771,66.845792
2.005465,8.887991,0.611149,43.727679
5.067930,4.276945,11.472592,62.311412
10.205925,10.649849,0.194470,67.206655
5.773712,1.157232,11.001324,37.885018
5.874698,11.756818,7.627067,30.335401
11.922266,9.776538,7.959992,37.165878
6.482906,3.457920,7.331590,75.093349
0.443048,7.579642,8.110897,73.316415
6.306534,1.475200,3.546742,79.241209
4.427823,11.727589,12.276675,54.086836
4.435439,6.232095,0.611559,62.322003
6.391787,12.013291,12.086556,44.367828
2.186577,3.909451,11.735622,55.010784
5.164141,7.468125,10.476859,44.979668
7.557449,1.010653,11.515466,33.036106
2.163865,12.262068,10.147493,64.240974
10.897958,5.717135,3.266076,43.260444
4.847848,9.738135,4.902590,39.363875
4.937767,11.056770,7.948451,50.974756
9.603462,6.380604,2.847472,34.417806
1.929183,8.171700,9.213327,78.977649
7.176967,3.120468,6.939645,58.458399
7.579618,3.212957,7.356429,46.834988
2.091021,4.268945,3.545986,61.874693
12.436470,4.669457,12.029372,42.410220
8.948777,7.257833,10.609059,71.391430
6.792391,9.182403,7.695732,41.904619
2.752800,0.180862,12.144975,51.029351
3.468043,1.398377,3.105766,49.806951
6.123733,6.789742,7.550428,77.954732
3.867082,11.141978,8.305076,72.860782
8.974084,6.933334,3.644509,34.095690
6.871761,3.281301,7.061484,57.544925
5.569737,1.074951,11.006376,63.350868
7.924919,8.154032,7.235800,49.244930
1.017139,3.280530,2.041460,43.339184
11.358692,10.917016,7.258316,60.306596
3.535415,4.290362,7.562707,49.287043
12.162406,6.487641,6.559986,43.874783
5.828124,11.498825,-0.087778,79.853882
3.396724,9.996574,4.331804,76.386282
6.270403,3.017488,7.003962,38.543751
1.156042,13.118260,9.274996,46.809263
11.839745,2.222025,3.604443,58.669815
8.978719,1.365982,6.066179,37.702088
7.941198,4.903143,0.428454,41.551906
3.030528,10.298668,4.225402,45.612661
7.549758,6.832113,10.673765,55.335419
2.747329,11.192160,4.134296,37.538701
2.622369,11.911382,9.759477,57.572191
2.160800,12.402381,8.432836,28.470160
10.328824,2.032198,5.558234,58.844925
3.871557,4.600589,6.024823,49.748043
7.448733,11.489640,3.952945,70.459394
6.636365,10.786758,11.788967,46.683918
6.024026,4.392701,12.210540,54.352806
1.698084,8.473389,5.119398,26.090853
12.692181,1.838237,9.528978,43.313866
2.130728,8.602774,2.166893,73.483892
1.653572,9.290031,0.408068,58.449821
5.056350,6.754988,9.539496,70.085178
6.908079,7.114253,3.309871,57.091512
0.709668,1.656909,5.154685,66.480004
11.858231,1.847555,6.975826,27.752207
4.400443,4.003048,5.039130,27.968956
9.005776,10.322170,4.823049,62.712223
6.764085,12.258721,12.676832,60.100768
13.163469,3.954275,7.840524,41.477674
8.741544,8.927329,11.731374,21.668601
3.722618,6.765409,6.346585,53.317406
10.414088,3.709038,8.306128,78.123998
1.073441,11.516616,3.567108,70.389056
6.597960,2.503254,7.053956,26.381491
9.848612,1.092677,3.986869,48.523873
2.086261,4.369577,0.136443,47.930986
6.336783,3.400605,8.983706,72.376571
6.170099,3.452945,7.312830,73.523217
0.803799,5.350166,1.992498,25.381243
7.264532,-0.057679,7.179349,54.475087
5.277147,12.175418,9.999471,67.847290
11.920052,4.787543,4.580727,44.308330
2.569013,6.167717,11.729799,55.120485
11.501006,6.621848,5.578784,42.628770
12.185593,9.336180,3.908817,79.664183
12.672580,11.915791,5.825704,56.695980
4.196481,2.828057,8.236952,20.462710
1.007204,10.500199,5.679103,70.361092
5.242463,7.272830,7.779457,46.884712
2.665493,9.715947,10.433307,51.809255
11.395621,9.175802,5.249420,71.895199
2.396949,11.556349,9.634212,76.712949
9.787564,12.536396,10.923874,67.068332
10.552187,10.664917,-0.125793,43.425957
11.656195,7.407526,5.479997,75.244954
12.663723,3.578294,0.102014,48.322341
0.668566,10.270407,9.568044,47.735005
9.273458,3.402096,7.908039,53.186077
12.084185,4.072688,7.748674,72.976002
1.154922,-0.741842,12.323492,21.541920
2.091027,1.131582,5.252891,28.901403
7.286228,10.065147,10.277655,72.797605
9.594082,11.157416,2.041237,25.930795
5.532279,0.414299,3.882978,43.821249
11.354225,0.239502,9.023238,26.467056
1.986825,-0.086593,7.461269,73.951544
6.942285,2.887805,6.808491,61.665992
1.670936,6.287656,4.034574,24.158862
0.689037,4.183248,8.257384,39.731203
11.366588,6.441507,12.426729,64.023197
11.813364,-0.264790,10.135433,74.406793
2.091793,9.148821,6.084645,73.876390
0.082015,12.525106,5.154268,20.522756
6.628283,3.203666,7.272891,45.565380
7.910329,0.636686,12.525162,39.773423
5.553386,8.184800,7.641687,59.394411
2.058362,11.374349,6.774847,79.952958
8.784759,8.783262,2.285473,62.886720
1.184682,0.203059,11.978832,38.578520
8.588550,7.436051,4.978131,78.331498
4.141606,11.212046,8.243766,71.317483
6.842191,2.616227,8.625728,45.835411
8.833169,4.545609,4.143869,41.676362
9.876413,11.742168,9.792891,46.711490
0.068017,9.574654,5.540387,62.402779
5.233261,7.573392,7.737404,35.876178
4.067209,3.170576,4.936570,52.355401
6.667282,6.241784,3.146256,78.395627
6.401876,3.002729,7.470423,57.044751
11.761474,3.942717,11.637277,26.434907
7.532778,5.022439,7.587575,50.696948
-0.099138,8.132158,1.817412,46.505293
2.961023,11.146641,8.457130,79.069834
6.800841,5.242431,8.876940,42.595735
6.279320,12.326837,7.602664,69.674005
5.199637,6.108676,3.534123,55.841867
0.845546,7.926167,9.994841,71.589047
4.272098,4.740075,2.954609,52.109030
3.696014,1.643139,2.306845,41.576478
3.887064,4.718197,2.438361,46.330458
10.576136,10.462660,9.936755,24.769871
2.501502,1.737222,-0.016273,70.884451
4.754265,7.645001,7.552029,54.434157
-0.307191,11.613471,7.760682,60.039155
11.001592,5.111225,8.707663,65.639827
12.936794,2.880139,7.513441,79.573357
2.137144,4.663235,-0.003337,35.054509
4.870678,8.397201,6.814712,47.697885
7.042587,13.404648,7.147654,28.359216
0.974707,1.301887,9.741772,25.242932
2.317180,6.337251,2.638690,74.321614
11.732913,2.222180,9.516317,56.786598
5.917726,2.169742,7.076079,35.529046
0.487367,10.751675,10.855672,64.155304
8.829057,7.551093,10.745259,56.299499
9.172345,10.193913,5.579228,66.061249
2.641071,8.808089,4.310930,23.490756
5.999812,5.008553,4.477317,64.415703
5.920140,2.398536,8.952218,27.535399
1.334642,4.349604,12.073607,41.908202
12.369394,10.349867,0.841515,78.924341
10.239705,5.758378,10.482607,20.573786
1.534851,0.632491,2.401887,76.638811
5.841587,9.125732,7.708171,52.475270
4.489325,8.385049,10.754310,68.009718
4.169100,4.272888,11.319063,68.116468
0.101519,1.595861,1.710740,65.151699
-0.756432,1.155329,5.398596,44.981722
4.650164,12.847117,6.543503,60.085383
7.916169,7.369254,10.777566,64.055113
6.037260,1.048297,8.962562,37.377999
11.776530,2.936246,9.185015,22.795200
5.951621,9.835578,5.141654,49.702720
1.756563,4.557541,12.187089,48.517482
0.615618,11.139490,11.029318,71.297615
6.012048,4.655760,10.584601,77.185157
1.488440,11.310538,5.203814,63.644742
10.444581,2.848648,9.786399,63.067287
12.626649,12.167227,12.582854,50.616581
13.176664,10.039760,5.332536,28.180675
3.909452,9.709915,6.176521,31.362429
7.316818,12.094102,0.123867,32.318276
2.736887,4.841753,5.761348,25.520271
0.497155,2.584025,0.874965,24.597638
7.766203,10.019018,12.647266,69.852028
3.948705,2.961006,4.930713,73.336823
7.430179,7.199132,10.446520,43.150149
10.783656,11.419672,10.004990,36.738216
1.172632,12.420029,9.779509,75.043120
1.167226,0.284528,8.218472,55.354917
2.175714,4.840449,5.161008,71.144471
4.177145,3.193768,9.738472,33.139635
8.427359,3.032894,2.124508,52.168106
5.709900,5.558620,10.703231,72.732893
6.459433,5.348354,3.162948,55.139215
3.388427,2.524080,4.620152,67.722833
6.205164,12.188283,12.522390,39.643712
4.935576,7.531653,7.890478,62.796724
8.145489,8.165508,6.192622,20.320485
7.252847,3.799661,4.138506,46.158075
2.602118,4.209373,11.668624,66.025780
12.835114,10.489170,7.884912,67.328238
0.884628,8.205624,8.359714,27.201939
8.745407,10.555311,9.343685,72.275576
10.790783,0.275645,8.126141,42.357775
7.029132,4.966245,0.076666,49.113090
9.368247,9.319467,0.781522,73.119982
10.919568,12.750884,2.541844,53.068005
3.385941,1.139656,10.446967,69.550775
12.127381,9.007882,9.648392,20.796961
1.975161,10.861870,5.617017,72.367998
6.782031,7.264700,11.216387,79.161933
3.986622,10.036858,12.177333,71.729373
9.288404,4.105063,10.110711,56.399110
2.797597,11.658757,11.644110,51.808009
0.154786,6.753509,0.768506,79.349548
0.092988,3.379315,9.517035,56.098999
3.830625,10.224627,8.693695,28.046037
0.447422,11.666760,1.609950,39.173746
5.011002,9.148239,4.301172,31.160532
5.654709,13.315873,10.215384,70.782414
12.953273,10.549899,1.465622,60.327162
12.338942,2.327438,4.817844,32.814708
5.788159,3.778896,7.202527,71.222740
10.646231,11.918063,5.630041,75.437457
7.569777,5.659526,12.051117,61.663508
13.223763,3.403801,1.813614,53.431357
10.192420,5.256256,2.085879,21.998773
7.329510,7.320850,10.638713,40.590068
8.722401,7.624465,5.269403,50.068421
12.559756,3.005983,11.674468,56.927163
6.629467,8.312955,10.266192,25.978384
2.326758,4.605062,11.991385,66.727250
0.695551,10.438003,0.730867,59.763888
3.824186,11.261745,8.543648,79.121197
5.715974,1.198171,12.887818,79.559640
2.707419,9.219531,10.056976,41.249594
7.267372,8.078576,7.190455,65.322272
8.067267,12.928793,0.549367,40.140648
12.414997,7.038974,3.567444,28.975852
12.329332,8.153257,1.416172,56.538133
0.466994,2.155036,7.308212,54.292580
8.575303,7.330866,11.976784,27.478850
0.933743,8.452466,11.868886,71.585721
11.164695,4.114784,8.759876,60.929847
1.045190,4.428973,6.490681,59.778514
8.035913,7.118122,10.558232,74.899378
0.829282,4.456556,2.955144,50.421203
4.518265,9.776096,4.545754,72.031014
6.738465,3.830961,9.715265,23.067064
3.739989,7.321119,0.653558,66.374738
1.672205,11.480173,11.778392,38.247238
0.638833,2.588373,9.179156,56.324513
10.751475,2.227332,5.502941,38.197941
2.668354,4.857420,6.803870,53.131800
2.643532,10.914817,8.451042,21.313790
1.960742,4.028004,11.849216,60.697046
2.924382,6.930420,3.696784,63.337942
5.218487,3.240349,10.485235,71.508306
12.230917,13.506479,3.727458,65.727770
8.198332,10.626448,12.587220,30.001244
0.573347,4.387898,2.331166,55.061754
12.683754,10.783350,11.015536,38.569884
2.072739,11.721521,9.331636,76.798735
4.990501,7.947602,7.545951,60.509381
7.235229,7.104302,10.131327,38.768227
7.241972,9.875673,3.892370,32.085285
11.944341,0.163133,12.024381,21.409860
7.059176,6.191926,10.486809,69.644942
6.265869,10.266812,2.115611,38.389950
4.515641,7.461921,0.126339,45.737869
0.938136,12.952530,7.286193,55.612257
4.745738,7.929519,9.319814,77.531942
9.104872,6.399381,9.829719,30.324945
10.683802,12.029524,1.148914,31.724933
10.280828,3.553979,2.092219,68.971542
11.012869,1.556862,5.983982,41.520420
5.138279,11.899601,11.023295,61.366576
6.579521,0.412944,7.766979,30.060419
6.548992,3.181458,1.994216,64.483225
3.523573,10.669668,6.876830,65.714989
7.795493,5.028257,10.892506,46.604089
1.112218,11.797076,11.671138,20.782391
5.730692,7.161917,11.604936,42.633694
6.149462,10.787137,2.696402,58.510791
10.900637,5.550868,4.468548,65.798735
3.209948,6.359974,4.865233,50.789334
11.873388,3.163815,11.430315,52.840737
12.417543,3.675496,0.414245,45.816491
11.561599,0.890366,12.633073,53.741447
11.953802,9.911457,11.694741,55.770196
8.310169,6.878681,11.043273,32.398806
7.155601,2.429357,6.788307,73.371325
1.556769,3.833795,11.745684,50.305351
11.515893,11.367256,6.522315,20.045555
5.935374,8.784109,1.604332,34.987557
7.010117,2.754970,7.068526,44.537726
8.036044,4.433071,8.326346,21.367248
3.115120,11.311456,8.604812,29.709446
4.547187,10.302362,8.581194,73.832638
12.208531,1.109383,7.632706,21.819577
6.850484,2.633971,11.630801,54.807532
6.609404,10.121680,7.838939,30.189963
0.629470,6.617704,6.858230,45.049177
11.155782,0.210386,11.028660,27.158262
1.567303,3.791879,1.905430,25.975199
5.713218,6.776922,9.854057,20.055216
7.625124,8.121790,0.626493,65.307150
7.823654,7.406009,10.178979,43.611883
4.357249,10.450706,3.149107,41.786569
4.280309,10.738783,12.507188,75.859012
2.446520,1.435615,6.601213,35.573306
9.781613,8.996670,12.707579,40.271824
5.497031,8.429584,7.789155,75.675944
2.084325,4.664145,2.519624,55.619657
2.615093,7.066909,7.061997,45.640878
5.712447,7.093870,7.659369,21.386828
9.808746,-0.619501,10.832186,63.986384
8.817168,8.212984,1.488795,78.757495
10.131366,6.247138,0.978967,21.626922
5.655632,2.883930,7.043367,72.109611
7.923914,5.306415,0.724849,43.479927
10.420926,9.743295,9.385196,44.626499
7.930261,3.172516,8.650403,20.839773
1.891701,4.530870,11.428956,43.043281
6.249526,1.901117,5.390667,58.570741
6.863610,0.472124,-0.066689,44.888080
12.428695,3.908387,3.205538,73.204315
12.435252,11.674790,11.891485,53.650417
5.321505,9.880446,4.706305,56.995499
8.965407,1.266722,10.155339,48.585992
8.272829,4.971780,10.493478,26.625623
12.208356,6.731439,8.528344,37.878499
4.827220,10.388027,8.618146,59.913879
1.679052,7.070406,9.667227,35.410477
11.758837,0.690517,8.544551,68.786253
9.522213,5.519493,8.302447,63.635845
4.619328,3.307163,8.714674,44.859228
2.403183,-0.385871,6.234453,63.389201
5.274858,7.623061,7.516671,31.195103
11.063828,10.786853,9.726716,35.654635
10.317000,4.030702,6.379022,63.727730
2.586995,2.944590,11.754438,33.395880
7.377628,5.907010,7.868067,29.838278
1.949196,9.833244,4.007395,68.540007
2.414206,4.434608,12.303611,43.437798
8.055394,6.477762,10.423937,32.410111
5.951887,8.402051,7.783384,33.874495
9.357540,2.703499,7.445364,69.040573
10.780084,13.005037,3.373492,26.346187
0.942025,4.047611,10.414082,54.953758
0.655619,3.500831,11.058490,73.374309
7.944465,6.518838,11.063143,41.168514
4.528782,10.525461,12.659390,59.751572
-0.034633,5.431939,2.114897,64.366761
10.481300,13.168119,11.534148,38.715636
12.220838,1.018896,0.477432,34.510375
4.957759,8.439556,8.072327,23.119870
3.816039,11.092583,8.390656,25.586545
6.927683,2.435716,6.732220,66.523408
3.324286,1.826082,3.107470,29.223666
0.486016,4.149684,1.357902,54.902703
5.453991,7.770196,9.556801,23.753282
7.802595,7.159084,3.011136,75.874701
7.298604,3.461884,7.087541,39.651537
2.301368,-0.039762,9.810345,45.376985
9.827026,6.271901,11.022719,60.902378
7.377286,7.285096,10.935508,56.994097
0.851936,9.760111,11.479832,45.230696
1.371406,3.234516,11.594122,45.679283
0.973101,3.155532,6.295207,43.294607
9.768701,8.075680,12.144440,42.131503
7.680710,12.099072,10.513858,62.744493
10.420131,12.746162,7.307344,78.299161
6.911601,2.466843,6.886351,74.292329
4.324430,7.514774,6.561947,76.131061
10.511826,6.039920,0.677667,76.392014
5.899506,3.034190,6.676768,74.882048
2.389423,5.879085,8.994897,68.057691
11.666767,4.764732,12.236207,62.997143
4.725174,1.780921,6.481769,34.051358
10.456286,6.752706,2.407554,77.570300
1.810642,6.749077,6.031100,63.030143
11.588546,10.689670,11.533234,26.240001
6.187345,3.004552,7.694689,48.870371
9.232728,8.811555,5.119771,23.410640
2.392523,7.174323,12.613893,50.601390
11.723589,3.455346,10.165384,77.804489
6.841826,11.698200,7.523711,59.190431
6.079416,6.565932,10.624074,27.434665
10.550474,-0.176121,9.510101,77.582493
-0.648729,12.395784,4.442790,79.486255
7.769629,10.775302,6.983774,42.543265
6.667337,3.474980,7.570698,42.002560
6.555913,3.431620,7.283051,58.540363
1.541740,3.325979,9.289870,63.684202
6.312014,8.873945,1.565302,59.899722
2.416773,9.123593,2.032156,33.415954
10.186931,1.510550,4.380853,40.581191
12.525096,3.902753,6.572955,30.166009
7.711248,11.362437,10.322768,48.521801
2.551589,13.428305,9.735361,22.445101
3.533033,6.394002,9.211740,26.579644
11.792790,-0.535364,1.491791,36.977717
11.225179,4.912803,8.876255,58.463313
10.988470,8.966615,12.346424,61.483448
2.110994,2.691838,2.141539,44.794582
8.510909,5.988583,4.841963,61.493500
9.182573,11.541705,2.303301,70.943114
9.597927,11.949894,9.254962,59.131860
9.787101,3.575471,10.759457,40.070183
11.939905,11.771184,4.703180,21.297021
5.621588,6.367489,7.360470,53.835635
1.413334,10.593998,6.988638,54.775327
12.497070,2.781547,0.832158,44.068719
5.566500,12.156516,2.297749,37.399594
4.566026,10.298903,8.659363,47.846276
4.968022,11.324867,9.734250,60.907613
9.520853,6.929944,11.665090,67.639462
5.862132,4.694019,5.110676,64.366344
4.655096,3.057878,5.017947,23.077498
11.031876,4.751272,8.577784,65.745831
0.700452,2.939990,0.240476,45.027041
8.073649,1.460455,2.308996,62.917521
7.380211,7.740747,5.221038,59.082074
3.880934,10.821388,8.321417,22.814076
4.545625,7.433404,9.450974,29.115179
8.515432,6.523863,10.567263,58.121839
3.275461,4.750784,1.332105,72.136723
13.460430,1.556288,8.128479,25.469671
8.428032,1.416810,9.408542,44.858160
7.797035,5.478517,10.883704,34.692200
11.672093,2.758540,7.595300,68.753984
4.941030,5.603793,5.296682,53.540667
2.515015,3.842122,8.265585,61.443629
2.111556,4.247687,11.826228,54.082591
11.810599,-0.157532,5.525768,79.161400
3.022215,10.126678,0.767977,76.519067
2.092265,2.248634,9.166624,22.702054
2.300801,11.384253,1.875505,69.810193
6.616216,7.732192,6.922435,39.619090
5.749950,8.576238,3.757543,48.858969
12.197307,2.955173,11.898323,66.892333
2.796217,3.823615,12.155486,33.368837
9.193653,3.197302,9.974674,29.580285
2.760390,6.464171,8.480299,74.695158
3.020272,9.108579,5.372674,25.770627
10.665675,4.490308,4.159738,63.695796
1.291103,9.354423,10.987328,79.498862
3.562921,4.055389,2.341341,76.937650
7.430153,10.136294,0.977112,28.631895
3.246141,3.436335,12.487855,46.087501
12.079091,2.941893,10.204083,74.403879
6.237740,7.708704,0.916071,58.657407
5.592906,10.279421,6.260774,73.458353
3.793269,11.693631,8.496210,64.114211
12.117833,8.568286,0.810049,46.023025
5.141464,7.297243,7.587912,77.154221
13.184324,6.201284,12.760409,35.783323
1.936443,4.386843,11.748365,74.138142
0.455656,2.439466,5.767266,68.789804
12.148177,1.433150,8.453131,57.285494
2.944425,11.706101,3.591229,69.984028
1.280018,12.721475,11.067802,69.068808
2.084838,4.800474,12.295569,76.198802
6.642555,1.533777,8.097889,27.459058
11.299257,3.203073,3.413276,51.438933
3.509250,11.395667,8.399141,21.607319
8.883803,7.922164,11.252259,56.906694
7.858265,9.651592,2.619462,45.018232
11.138585,6.883949,10.122022,59.860419
4.295618,6.253569,1.465009,71.491638
4.025583,2.618359,8.908292,75.889481
3.451894,10.486436,8.711222,73.892797
8.343363,3.581624,7.315464,78.346286
2.783432,7.253611,9.784546,43.718809
4.928082,12.419382,5.464530,28.576592
1.391462,1.044465,7.278983,21.596874
7.146601,1.613109,7.408437,45.286272
8.127149,6.844462,10.594968,43.741478
8.583157,0.849880,9.159939,21.011779
9.550858,11.976140,8.779918,29.577538
3.910883,5.282662,9.288796,72.073855
13.069432,13.611050,0.814646,53.428196
8.075667,3.879175,8.179521,53.236092
2.592136,11.189473,8.718647,36.132105
3.769352,11.357911,4.634694,76.881792
7.294704,8.999840,11.526856,53.680457
2.098775,3.704868,11.456757,60.545937
0.286364,0.871879,6.608897,34.152783
0.608419,7.525439,0.394058,30.688320
8.811666,0.803153,7.618249,37.860911
7.537389,6.915489,11.080382,23.601290
10.737836,12.028560,9.565313,30.303725
7.695620,7.216697,8.780948,24.732298
2.730301,7.257882,4.312269,57.678660
6.097689,10.253937,10.064525,67.061954
5.519220,1.003293,9.650426,37.013400
12.823926,1.964217,3.883705,29.582674
1.195671,0.749180,12.000937,52.866626
4.999450,5.487472,7.664230,57.907022
6.813877,11.339772,8.150527,24.547389
10.724312,8.123181,0.245385,77.179202
9.031718,5.440566,1.292594,45.279418
6.808610,2.388891,3.237071,39.664791
6.884582,6.071097,10.483834,65.713802
5.207318,10.772901,6.591492,70.646183
8.261156,3.994244,5.838193,49.918658
2.900957,9.290326,2.626882,45.338108
7.786175,6.342245,1.179883,62.921122
9.093852,7.958553,3.432980,66.066576
2.783428,6.387704,3.396816,66.007222
11.745309,1.810914,12.731355,36.210114
10.931477,10.074804,2.707779,33.850899
8.224656,4.375897,0.360850,23.689439
10.023077,0.408971,10.080186,72.099062
2.685699,3.341281,11.278115,63.919853
7.736704,11.042099,10.936621,36.989540
6.674797,1.074809,5.578675,22.505721
5.056323,4.777992,1.123111,31.186789
9.253886,8.489171,0.692639,50.912089
12.867425,2.981073,11.043928,59.533805
12.324063,12.650337,3.097010,23.696849
6.132261,12.276160,11.734221,38.265223
2.037978,3.646121,11.376578,39.946075
6.497026,1.569680,4.641824,25.988295
12.014839,13.713548,1.266089,65.041393
8.047129,3.445223,11.048743,31.410037
6.313074,2.162739,7.372649,61.990329
10.133343,8.882457,5.537692,48.950919
12.446547,9.940413,1.509181,21.750105
3.853658,12.044574,5.935120,74.102480
7.679146,-1.352525,11.235364,32.700185
11.228433,5.274212,7.097747,54.860167
2.825622,5.503910,4.057575,57.182602
2.899439,2.462124,12.597057,58.220747
7.834449,11.165822,0.940294,54.927158
2.222320,11.668556,2.838859,22.258529
1.950609,9.809606,5.394421,53.115435
9.978669,11.778656,2.822293,60.385341
3.574813,9.512095,7.831968,55.671651
1.923605,9.749917,9.792124,77.258833
12.863870,6.272811,8.945660,61.922133
10.473081,7.905137,0.860156,76.188063
6.722285,6.429915,12.535544,45.293162
8.144816,5.348011,7.241562,48.994855
1.611469,4.024847,11.610050,40.492803
4.405696,11.141432,7.737325,37.936630
1.186192,8.488223,8.774714,34.853317
5.809636,1.228570,0.644318,74.346141
2.878739,3.373976,12.120691,79.620951
1.625686,10.908282,7.364600,31.326940
2.772324,10.688476,8.252213,51.555945
8.422567,5.871742,6.717085,53.300327
8.514594,2.831288,10.307011,58.588212
0.972819,4.071913,5.808317,42.242665
3.655968,3.116908,4.898559,23.695002
11.431598,4.736734,9.044655,68.882628
1.430563,1.028123,4.656922,56.368144
5.517738,6.860946,7.460568,56.880668
2.719559,10.833366,8.300412,45.353526
4.018513,8.641339,7.499123,75.288243
8.814026,7.731550,10.041249,22.912524
7.604256,7.584003,12.165867,29.638816
4.586705,7.462088,8.546930,52.416783
2.511417,2.207099,2.603878,21.122983
11.343980,2.309242,4.856695,45.110577
5.509785,10.173562,0.578422,52.801432
8.449173,9.663725,1.432384,66.054301
2.687128,10.268011,7.612099,64.733466
9.297042,1.742777,4.518556,30.664791
4.774481,9.561451,9.604908,30.104606
3.636119,10.821749,8.568783,37.671432
6.586735,11.187117,12.284249,47.779426
7.895395,6.871243,10.600057,79.235145
0.489258,12.007970,6.847624,33.231482
5.191830,12.352927,11.859044,45.504286
11.556964,3.243513,1.328013,37.322581
3.348585,11.344671,5.600588,50.037777
8.309149,5.210164,9.208436,31.369595
4.736689,9.915985,6.441657,36.540759
-0.268865,0.429079,12.034051,48.681062
5.249550,8.652416,12.070485,38.518753
5.470381,8.935275,9.406960,56.191903
7.098874,1.670303,9.432961,55.765796
2.163571,11.064175,7.839192,43.024758
5.497405,5.444260,3.335342,78.549200
6.655585,1.403532,0.005171,35.576234
1.704634,1.288102,6.404238,54.949509
12.085927,4.976162,3.091295,34.309757
6.915649,2.266556,7.265749,64.760705
0.020455,5.772883,5.405916,41.737745
2.280693,8.509103,0.724668,79.967706
7.598112,6.460144,10.358357,62.027254
1.514745,9.498816,2.541905,32.083186
6.887100,9.717727,0.162698,28.190650
11.170212,1.694645,8.228201,30.795807
2.443768,10.132913,7.598664,58.295883
7.891405,6.160359,10.075534,56.386519
11.944079,3.346167,7.621753,74.176135
6.174491,8.563295,5.988703,22.143691
5.040412,8.544401,4.542546,33.991568
2.984755,10.425505,7.788868,41.104811
5.529920,3.603631,12.695580,48.005716
9.179464,7.305220,0.123279,22.729933
8.320489,8.755959,9.275109,57.438588
8.113247,7.054068,11.646613,46.544101
2.294439,4.790192,11.521321,43.519944
5.489875,8.002994,7.685841,68.894002
11.014476,4.170499,8.028121,38.383663
7.219727,2.799065,7.182297,49.739708
1.416277,8.025614,12.066290,48.898644
3.220650,4.457648,1.489727,34.726565
8.689331,6.043891,0.495480,51.388574
12.084481,6.239096,3.483802,37.197298
2.480328,4.574633,11.923445,76.672745
6.299440,9.836634,6.779005,29.525753
7.613442,5.083492,10.715945,25.053208
10.218372,9.016280,1.325570,21.874438
6.615382,3.194867,6.867027,73.191127
9.128702,10.006044,10.113379,46.686354
0.335645,9.624338,3.798619,57.529418
11.537813,2.910927,0.396425,53.684601
6.723400,6.764537,4.567710,30.429567
11.678314,7.262284,4.077007,65.788996
6.762391,5.726707,0.659732,50.210438
10.564429,11.167866,10.570755,64.022712
2.873067,3.048622,7.256157,46.431468
6.552006,2.831210,5.020046,61.033109
8.027984,7.632143,1.727886,55.519619
12.588789,6.746459,12.160987,42.546107
4.994564,9.927836,7.600662,31.252954
8.291936,8.192729,1.071233,23.629639
-0.321164,3.554148,2.882533,46.054008
10.805848,10.296155,9.088279,36.885263
10.574855,4.092035,5.969014,46.021194
7.550488,7.911765,11.227958,37.264832
11.828379,7.745573,5.686028,28.726557
5.836988,2.022560,2.653798,64.361113
11.447759,7.205326,9.641716,47.337450
11.150770,4.057076,7.663149,38.591966
6.014170,0.868451,5.190073,50.343021
10.160109,8.917644,1.889047,27.597818
10.646387,8.445517,7.577894,61.450940
-0.331691,2.321884,12.437646,30.979872
3.028809,0.427159,10.671350,41.636559
3.167957,5.326240,12.361940,51.241458
7.634898,7.923053,10.622568,23.299543
7.748669,8.240903,6.693844,59.540560
3.214554,10.495112,8.551637,48.056103
6.032369,3.535668,0.875433,65.105997
0.388848,4.852058,10.827708,68.623722
8.559035,11.539056,11.973478,78.047214
11.588585,12.905919,0.426075,77.970131
1.130062,3.271724,4.809827,62.093098
10.280128,10.181286,2.936963,39.297095
8.632781,7.366050,7.863567,48.873265
9.310832,8.588216,8.171238,42.591397
7.381883,3.753866,7.523268,79.227214
10.845362,6.846008,3.952481,53.351017
5.286574,2.718460,10.828637,59.823316
10.324114,0.000635,10.076882,55.571605
9.516129,0.340850,9.791499,44.135897
11.692432,1.840114,3.290793,20.097394
3.514822,10.720223,1.901617,49.831682
8.240753,7.734938,12.592651,27.663337
7.531486,7.096334,11.274793,76.974144
2.760248,3.973598,0.895946,33.736527
4.590706,9.395080,12.701206,50.692387
6.537576,2.418551,6.928163,32.277078
3.740660,11.832101,8.119114,49.839953
8.218491,0.649437,6.070153,39.410826
12.105240,1.158215,1.717215,65.599268
5.434711,8.122680,7.634157,68.230766
7.633450,12.000087,9.163671,55.483394
8.012312,10.881864,5.151381,60.431794
8.840465,13.293033,8.948292,34.894757
7.611325,7.198808,10.965448,62.352730
10.256943,2.372424,10.206942,25.877591
4.705267,10.701872,8.077873,64.760177
2.460408,0.844161,7.070558,38.289435
13.139267,10.360910,11.213050,79.031035
4.906448,6.896330,12.005000,51.806596
8.506793,4.620988,10.539370,41.699607
9.725723,5.353170,11.188980,31.832048
4.641233,9.859734,0.553357,72.179163
3.677009,3.131272,1.459302,79.926033
-0.744795,7.453418,0.624211,73.663309
8.988199,11.389653,3.256678,48.456947
11.444502,10.577276,2.997828,25.497581
10.845883,5.654363,11.680046,43.977196
6.108993,2.607451,11.202348,55.441737
2.167585,7.399086,11.422843,34.083747
2.399478,9.567101,5.833470,51.435956
0.725933,-0.026489,10.556659,38.653152
3.299802,7.149438,11.886917,56.464936
7.134483,12.205030,12.151153,55.815857
4.985692,-0.331217,1.062252,26.192785
4.981497,7.568547,7.430349,65.717797
10.849758,6.624479,0.803832,36.616456
8.971782,7.617788,3.846551,59.688760
6.462175,10.318907,8.009555,38.744222
9.090527,8.165855,11.723773,53.352739
3.414857,12.239757,8.463504,66.806196
1.712507,2.360928,9.782920,52.163625
7.959926,10.951950,11.847654,36.191216
1.380163,13.050028,8.596656,53.919915
4.209457,6.533588,11.427632,21.673094
0.858725,7.232031,10.769461,64.670816
1.943260,3.850766,11.445750,25.231492
7.667547,6.523055,10.396347,76.328876
7.974969,6.004159,1.639596,69.023631
1.463819,3.128286,11.938633,68.954826
9.512847,1.825768,11.678444,24.304516
12.008226,1.174510,0.944826,73.541123
10.805153,12.082309,4.631076,51.583065
7.711643,7.558508,11.004999,37.840035
6.477191,2.768085,7.540431,72.581564
11.246855,6.558983,3.970119,38.459578
5.903973,7.150647,6.959795,66.518321
6.722179,6.899361,0.422573,74.395620
6.333439,9.365615,6.031205,45.509444
10.593932,6.494519,2.295585,77.578833
5.305512,1.439654,12.071506,45.340556
10.810864,-0.151185,7.034809,29.077849
0.135317,3.621555,12.706286,58.435169
8.047046,2.682633,6.764514,45.528029
3.013625,7.122224,5.687558,46.112684
6.390155,2.610766,5.106004,48.831484
7.117979,10.971027,8.757478,57.173799
4.189539,0.568505,2.548978,75.359978
5.689077,2.502655,9.020231,21.468813
6.734298,5.368173,9.597515,29.247392
5.516369,7.647059,7.392086,70.498526
1.903025,5.235368,6.153749,48.080731
6.444152,2.045056,0.691674,63.447252
7.108571,9.223193,6.821983,57.617004
10.485112,8.271739,8.217993,20.888202
5.955044,6.221010,5.547750,77.270290
5.422531,2.872027,5.705346,67.269364
5.833467,13.489783,3.989466,51.547694
6.987908,5.406335,6.814527,46.287049
4.201376,11.918868,5.017127,79.137960
3.726671,2.734943,12.554836,35.315451
6.370480,2.899547,7.240466,57.073785
7.484951,1.222178,9.628463,64.196181
4.968638,3.120330,6.537664,22.530005
9.932453,9.437859,11.142109,44.050694
11.446437,11.923398,2.413017,61.484272
7.645752,7.121426,10.895247,30.494486
7.526817,7.073785,2.134931,52.600240
8.457084,5.198742,8.163544,38.721239
9.750242,11.403783,7.411822,29.435395
3.042114,3.249634,7.274864,34.001456
8.122895,7.608758,10.995653,55.266643
10.002376,11.924812,4.702049,55.025552
12.791557,1.541241,9.931593,21.641061
7.257223,8.290670,10.801168,46.740819
3.056501,11.424513,7.052518,75.667486
10.625393,1.904920,3.564916,45.337528
7.089417,10.984432,8.280080,35.076226
4.438513,1.863269,7.933122,47.245395
7.579134,9.186585,11.026748,74.258516
12.410505,2.303299,9.269792,31.784967
9.763231,9.151766,9.282109,63.630158
12.607058,5.206027,3.438485,58.340362
3.506745,12.179077,6.385123,27.884750
2.520029,8.842853,10.459274,24.691598
