8.475357,8.391493,2.828677,24.230625
7.478917,2.530361,6.294385,77.013195
4.303110,11.333242,8.075493,21.481396
10.544581,7.550331,3.657103,21.437807
10.293204,3.552291,12.543720,65.472237
6.138590,5.127636,11.230622,39.094716
6.347212,5.454412,8.979165,49.103749
3.027743,2.674269,9.165450,49.457427
3.427270,1.739646,3.159711,34.856585
13.071732,4.968349,3.799288,35.070840
10.672515,12.708967,1.879061,25.487419
7.798637,7.523956,7.310875,40.675018
3.235366,1.397042,10.339005,47.585232
2.461329,10.334985,6.463260,60.287088
11.004950,3.287467,4.560963,54.461187
1.328755,8.894199,8.076225,46.007732
10.951832,-0.575944,11.474829,75.006707
2.250354,0.365098,3.658494,52.164748
5.990622,1.412038,0.395858,53.946571
6.853996,10.433506,9.658562,50.191570
1.032579,8.844358,6.481835,29.277789
2.234514,11.544066,8.409238,70.914432
3.490162,11.397207,1.285107,65.525733
4.488214,7.894273,0.211595,43.678446
8.767682,5.216580,5.859717,48.736752
2.369807,12.306743,8.098799,60.878737
2.625616,10.512831,10.365365,27.226402
9.904347,11.445421,7.001567,42.546664
10.944480,4.341572,3.681021,42.885746
-0.078569,0.411556,7.512995,69.092078
4.980796,11.933447,4.000963,38.763582
6.293865,2.868552,1.655376,30.970863
6.668616,3.941008,0.751601,60.796268
2.804109,10.062275,0.540128,25.513125
0.623430,2.212284,4.533186,49.685318
2.982255,8.083845,11.752655,43.937013
6.352620,4.686566,12.057968,63.350009
2.632523,5.119524,9.751790,30.624184
4.306562,9.667643,12.545985,32.539096
12.069889,0.634688,6.724321,26.993605
6.191153,8.982642,10.359950,37.342486
1.510053,12.924220,12.019852,70.684450
3.533185,12.436892,4.897496,29.836144
0.902613,0.792026,7.720248,24.323422
11.867429,0.327010,4.205613,76.580180
11.842001,2.450569,11.817872,34.953939
10.598021,3.058673,2.272305,47.600383
1.137785,5.811624,0.569494,44.498769
3.987054,9.861301,11.304396,68.394342
0.761686,0.670258,8.950655,64.960486
10.061189,1.325944,10.262534,57.575851
1.377545,10.413164,0.658040,35.092319
0.845428,7.680622,7.238426,72.564301
2.456876,11.969611,4.199634,55.990146
8.154818,8.938803,10.834594,72.595997
1.239302,1.188256,7.696061,51.573675
10.156434,10.250314,4.133400,40.805961
10.491849,4.044531,1.042207,48.075453
1.537535,0.657333,12.248190,62.516180
-0.289985,4.176298,7.857191,78.840935
11.058692,8.538914,2.570559,73.407576
2.850613,4.888878,5.730605,25.431299
2.542112,6.940657,5.117271,22.624181
10.147937,10.619826,8.549920,25.516695
11.988992,0.360040,1.396369,70.789049
4.747434,10.631428,7.026441,67.620725
8.892380,3.266092,3.414290,20.310526
0.725968,9.768882,2.241799,73.065233
7.025437,6.710621,10.897452,67.554514
7.436151,4.714083,10.480001,66.233788
6.426867,0.442989,6.696727,38.906330
7.713545,0.219781,10.880351,21.147884
11.315590,7.000375,3.157821,54.505952
6.201024,3.280513,6.978648,46.493229
4.272817,2.661609,2.168077,64.549776
2.820958,11.110780,9.749936,36.912396
7.888913,10.726913,7.464427,40.021377
10.872081,8.607760,11.303344,49.805326
5.998997,11.279698,6.007093,42.316995
0.766537,10.363762,0.285292,70.877316
2.087455,3.152170,9.027187,37.089254
8.351553,5.671657,5.036139,25.934940
7.271156,11.807849,2.963871,56.593478
9.041327,4.268852,8.926571,61.089505
4.681155,1.536738,3.205480,33.454322
10.874636,2.003909,8.545095,78.045142
8.092011,6.337261,10.258551,64.151078
9.251197,1.780165,6.047899,34.535408
6.366162,8.476621,4.691646,60.388217
2.286566,3.397316,3.636835,36.321407
10.953152,5.700353,4.618952,26.855441
2.028348,7.772711,6.473096,56.459997
5.698991,11.273465,0.711527,32.413252
4.281725,8.615402,12.787705,35.859744
7.715184,12.177241,1.802223,39.013883
2.845152,4.450223,5.131149,69.443377
3.190388,11.857100,6.047650,35.730785
12.838777,6.635046,6.564189,39.948891
3.532896,7.099563,7.708330,77.817458
10.772153,6.899983,4.045199,24.217035
7.888025,5.885873,12.605140,54.149749
4.877954,1.608596,4.024498,25.735903
1.857192,8.707124,4.375074,65.987740
7.795310,1.034630,8.479705,70.614799
5.886432,2.471102,-0.064252,35.938668
12.219512,2.482537,8.618204,75.710550
0.141491,7.505935,4.801356,46.383973
1.619591,1.156038,9.983197,26.091129
1.405334,9.466018,6.418080,60.195434
11.313469,11.970337,11.348442,26.013657
6.901962,2.161590,9.301638,67.138908
12.041560,6.126364,6.653923,55.626054
2.621277,1.153627,10.988196,24.761728
7.281867,8.725978,0.696253,40.069962
0.297631,12.846520,3.729175,29.716054
3.348093,1.462764,3.401054,29.310087
0.450346,11.569302,8.679337,61.729897
3.351271,9.014200,10.740482,61.914157
7.770906,2.476227,2.474690,56.784762
12.582481,5.001090,6.857820,30.243842
10.446227,11.209780,7.493331,54.939732
7.488417,6.631663,4.841529,46.587585
5.305661,1.416136,8.999203,76.678047
10.051769,8.178786,2.107176,37.170600
11.730854,7.346054,11.392869,51.957459
2.674479,9.378776,1.329942,36.168250
0.317210,3.644355,1.890784,36.676152
11.125570,5.726841,11.004867,28.163376
1.131640,9.831050,12.718819,29.323373
2.083830,9.770458,3.281905,38.942810
8.963107,0.720203,0.908934,29.755071
9.844252,12.504560,2.790138,67.792202
1.407455,8.599550,7.964753,74.298113
5.774822,8.390100,9.826124,22.143186
7.787461,0.622324,10.635686,56.779240
8.947210,5.149164,5.939215,27.514697
-0.037989,10.980479,4.078410,57.030287
8.783725,6.094649,3.287170,29.155201
6.369572,11.439586,8.169618,57.658674
7.832143,9.439967,3.215281,61.480974
2.796383,8.956592,11.045685,36.221300
11.394940,2.529209,12.394667,46.570960
9.355320,1.569132,3.864151,35.604546
12.382780,11.888427,6.280412,67.296359
12.433970,1.825240,8.194317,54.828328
9.954906,0.590133,0.681862,54.055427
3.438693,9.030644,10.025654,40.555281
3.547223,10.488109,6.167862,31.322820
11.025984,1.558625,3.745392,35.195625
2.845893,8.199869,5.576766,55.154706
9.797748,-0.907275,9.732068,52.988735
1.158376,10.355804,0.862523,69.548527
9.993985,8.032195,1.774328,70.738073
4.481082,4.498297,12.060693,37.827886
4.548631,7.613268,4.391281,31.842690
1.072117,2.607796,5.205352,55.070684
3.374017,12.723463,7.818124,63.768003
4.679215,7.388622,2.112928,68.969319
10.341530,6.284371,9.927449,30.125386
7.115352,11.916272,1.714122,67.409773
11.343598,10.788572,1.988645,71.945529
1.412342,3.306803,8.405831,69.226433
7.141663,10.163103,9.724525,44.505681
13.362769,2.928746,8.790977,41.246046
4.791914,11.375022,5.265250,44.389217
6.198952,2.199123,3.472092,72.084124
6.267186,3.828589,8.334052,45.172404
12.234337,11.849156,7.935034,66.009795
5.462076,11.706289,8.480098,52.098580
11.177657,8.552771,10.450438,47.879161
10.902282,12.122688,10.259642,71.166473
5.927636,6.636225,6.220837,69.934091
4.313080,4.803467,0.435618,56.287600
4.090534,6.955063,2.715814,62.703565
12.316929,11.098754,3.908615,44.033496
9.270821,9.027740,2.918934,68.660694
9.868268,1.303487,0.488197,76.629990
6.492117,0.765937,3.274133,26.852744
3.665776,9.710588,7.717022,42.109002
11.564505,11.688930,2.070299,55.659990
2.336003,10.799134,1.840176,63.906534
8.966893,6.593372,10.206562,78.927225
2.721906,5.195391,10.333007,65.121314
3.543368,10.841763,11.126762,49.228733
7.771585,9.515866,0.339182,49.615121
8.522664,2.739155,6.661054,53.562796
9.719873,5.848783,11.817362,67.544521
4.032477,10.622855,2.043002,35.145821
9.100543,7.215598,1.793789,21.716918
6.496994,8.999337,2.625149,40.114855
2.160874,11.384237,5.170265,30.011781
11.617548,6.523494,6.401361,21.724832
4.621423,3.729539,9.475196,55.067510
4.861413,3.488288,10.517099,22.364889
2.678773,1.555282,3.977948,37.908227
9.300453,3.356870,7.988346,40.998145
7.675367,8.833080,4.948319,57.285593
3.620510,11.883840,5.617060,63.457457
11.184317,9.477821,7.381396,34.870416
10.584606,9.468829,1.874682,32.656173
0.787278,6.431688,2.909150,22.743557
9.961800,7.382055,6.372223,26.526294
7.414783,2.958131,7.637687,58.194056
8.572404,9.966340,5.397165,43.665450
8.124634,12.150161,9.503804,35.422506
12.630586,12.067090,8.555791,47.616564
11.693582,8.436385,10.100264,79.504898
10.039251,10.905536,3.040024,41.555970
11.316880,10.257705,5.345636,55.658456
1.948159,12.595793,11.284843,48.352145
7.176982,11.391766,1.973978,66.303086
7.221163,5.015971,0.665446,54.627001
2.323911,5.922720,7.755665,38.710617
8.795924,5.226101,6.297344,65.632207
3.135475,5.297453,7.411217,49.204308
10.083032,6.681570,11.626680,63.027095
7.849764,5.006374,0.083403,45.589537
-0.382196,6.389039,11.449366,35.303321
4.688749,11.826316,11.160512,62.990176
1.152110,8.996920,11.195751,52.355463
5.432424,3.798613,5.501599,33.178972
8.924089,0.546500,0.430883,79.807423
7.620953,9.321482,2.257163,54.662839
3.471721,11.883782,4.900129,53.416223
7.581168,7.476309,0.417465,56.301918
10.579878,7.598405,3.391382,40.770161
10.075993,6.601808,10.743529,39.622246
10.392303,10.093354,10.235614,63.317123
11.883012,3.420259,7.047794,67.627807
3.194696,9.576028,10.904899,35.767863
1.464102,4.826812,2.897846,33.837271
9.969008,7.389264,1.916715,77.503435
9.460912,6.613141,9.832510,34.703623
9.614244,7.449631,4.061294,32.887637
11.325757,12.499261,6.009400,55.664807
3.603826,2.423153,10.276156,48.862683
6.965850,12.804280,5.388296,69.417647
9.219379,-0.318501,0.018582,26.148139
11.507505,10.304782,0.408143,20.834622
4.451026,10.500155,5.120220,54.178487
12.802072,4.128693,11.261106,37.557971
3.733688,8.360284,5.711575,53.048090
7.939813,6.672277,3.527548,73.644312
6.934161,5.855687,6.732280,63.059987
6.893633,8.562595,5.908364,40.728312
0.178443,4.159108,2.314163,65.060734
11.542871,5.197450,12.748871,29.494203
1.223808,2.763552,7.992572,30.799747
1.377327,8.858804,2.277140,54.385296
0.993069,0.235700,12.300245,33.822967
4.061406,13.081428,7.178832,25.081741
7.443985,0.853937,4.400621,24.433417
3.653988,10.744510,8.131674,24.031757
3.781357,5.207950,5.919038,68.327096
3.849695,1.795465,6.079270,26.743910
10.191216,6.648241,1.246074,58.646838
4.876497,11.961350,5.288172,48.817942
6.249844,11.470867,4.893041,60.759834
8.534428,6.509427,6.467126,41.822930
7.505753,2.703262,0.621529,48.385324
1.813115,1.625389,8.208942,73.780745
12.341003,10.524717,4.210455,38.772054
6.687905,6.577306,9.962586,63.486206
-0.099345,3.312531,3.017658,62.833147
10.643610,7.761064,2.909197,79.431804
8.998443,11.631665,6.771065,58.037391
8.436669,2.302742,11.592905,56.220149
2.713339,9.920861,11.980064,52.744442
1.972924,4.509842,9.412983,57.529047
9.642980,5.655516,7.630992,39.961363
7.239443,4.597432,2.856301,27.444016
2.161869,2.986531,6.004707,45.638026
-0.661964,10.128849,12.304072,29.959662
2.326097,1.166023,3.828254,33.345087
0.608240,1.873822,8.734695,71.385459
6.613309,10.556108,4.691943,63.591679
12.651631,9.620294,2.303807,39.248806
5.579881,2.707944,3.725863,74.287210
5.155457,5.153785,7.158659,33.222602
0.790235,7.789441,9.789422,63.063182
2.266136,3.628428,8.313632,73.148965
3.860539,0.010598,7.714700,21.414075
10.146256,8.352842,6.544753,24.843261
3.095472,1.537642,7.059811,66.506955
6.700408,13.448679,0.586043,38.712956
10.120159,7.921117,12.332195,71.821515
6.685071,6.799171,2.462391,21.486532
11.197318,10.665436,9.347944,54.087577
1.331476,1.232176,9.769550,72.284270
7.789396,10.440692,4.186789,30.103278
6.757529,6.790025,11.697811,31.294286
2.807180,6.428593,3.820458,54.325950
0.503146,7.145056,3.552081,75.247351
10.526570,12.573386,6.090679,78.288090
1.166847,7.126993,3.525031,57.346586
0.485077,10.935829,5.253389,41.186427
3.729849,4.809780,0.006624,71.337960
10.586038,5.546262,7.771365,58.187442
7.284157,8.406181,8.957517,70.591016
10.392918,4.188990,4.585750,71.436966
6.577547,7.627020,1.918645,38.227827
8.650255,6.697737,1.169044,49.063552
1.992297,11.634529,5.444941,32.613466
3.591681,5.761636,9.498803,73.647721
13.605687,10.869190,9.377730,58.606014
12.396740,12.170848,11.982365,38.712306
8.230825,10.003237,0.133741,70.330942
6.547983,5.462466,11.731265,47.734927
11.055263,6.659462,0.748636,46.202945
12.150237,2.928769,0.437550,46.150217
1.087661,11.263186,4.913645,42.685676
11.828950,8.575770,0.276706,55.522297
10.507338,6.260404,0.173824,67.573435
11.860033,2.907990,0.371799,41.438349
6.828103,6.950924,4.996444,61.903867
10.688795,9.263608,2.558276,30.400893
9.723953,8.813295,9.959535,34.201526
5.649759,9.904994,5.561861,28.260271
5.029802,10.863245,2.813936,55.129711
2.871359,5.782530,1.365358,25.689117
5.635362,6.563767,12.611458,74.147580
11.293951,0.617299,11.163329,64.439375
10.089779,5.538825,3.021835,31.734708
12.324941,3.736666,11.655913,53.468781
8.512001,6.767264,5.694595,77.783857
3.121920,8.703612,5.620986,22.398491
10.935491,4.311355,0.574206,71.702272
6.843831,6.273730,5.988953,38.401928
9.259583,5.417453,8.002224,42.110603
9.113966,2.147347,11.398769,42.474838
5.496473,-0.945139,6.567662,37.166747
6.049476,12.196229,7.649191,43.709954
4.775568,9.778786,12.143432,44.895049
7.750297,9.963131,8.761817,39.698005
3.856672,11.374642,12.570738,66.855918
10.052707,4.318929,5.674391,29.972265
6.781322,4.530086,0.277971,46.656438
10.067800,11.475904,11.961978,54.008317
8.936901,2.700942,4.426873,28.375514
10.407715,7.771835,2.150978,41.833495
12.238504,8.406956,6.695514,24.325550
11.390826,0.177693,7.319867,66.187202
1.594767,3.057728,7.869791,47.218000
6.813025,3.931609,2.256160,63.325551
6.335592,8.592482,10.694738,69.668147
9.505193,1.263544,11.396426,57.330560
1.515543,10.079277,1.555810,21.543118
6.167831,2.085890,5.023207,66.837403
2.512674,5.041002,6.247774,47.751190
11.868357,7.580057,8.088860,54.009447
1.939193,1.986690,2.375314,37.049653
2.855990,12.281011,2.182294,73.428720
8.612708,10.313509,2.711537,45.816204
4.449862,6.694700,9.906166,38.351971
7.335850,3.336715,10.333896,46.674051
5.082781,0.336635,0.487604,45.777904
12.297130,0.638772,6.420946,48.340998
5.540794,7.872110,9.516628,76.513517
11.120131,0.862567,8.845841,78.010488
6.721660,8.259772,10.005498,29.767757
6.643711,-0.814875,5.802417,30.559371
11.354044,10.486465,3.063018,64.621787
10.984573,3.523435,0.613265,78.640458
7.492411,2.601416,5.862593,65.176917
5.030999,10.860854,5.827118,62.887182
0.412500,5.264197,5.912140,46.639537
9.595619,-0.105164,5.805439,24.590964
3.173326,4.738397,11.118618,32.250778
8.766958,1.984396,7.564248,37.007928
7.839111,2.019098,4.238612,51.985672
10.624353,10.513202,0.705905,48.785724
0.228003,9.053728,2.018400,31.984098
10.263083,5.965062,10.181335,39.566542
0.680216,6.068402,0.530781,65.645877
7.835600,12.149974,1.151273,46.770136
11.952974,10.902681,9.689281,57.892850
2.705400,8.803898,7.783171,55.636697
3.551130,5.470268,2.401007,78.375268
8.951180,9.236262,2.688252,46.271744
10.085497,3.884538,2.643217,25.978918
10.185784,7.838082,12.033981,50.431032
4.511788,9.637030,1.822788,22.559000
8.331035,2.287417,11.623102,30.774760
8.668271,4.367413,2.291648,49.812760
0.906261,8.454864,1.730105,50.801203
0.801122,6.057665,10.501636,47.472014
5.155492,3.200619,8.269076,74.664341
9.286855,3.316251,5.890858,61.303242
5.906073,7.532542,4.209313,48.365987
8.474758,9.123086,9.369394,52.276173
10.742728,6.439859,7.176414,34.141155
11.811320,11.003195,7.415721,64.578522
8.946627,3.853086,1.899970,62.013706
9.589852,13.000632,10.957414,54.559200
9.823344,1.487354,3.336164,71.618724
2.498696,10.059995,3.056974,65.309747
0.235044,9.558915,2.572691,21.226264
3.416946,-0.309630,2.267204,63.180989
5.890642,4.706615,10.515655,40.111354
3.142032,6.029654,7.484573,78.550952
7.122839,6.327711,1.480748,41.181666
3.976577,9.190856,5.628467,22.623394
0.667093,3.604786,1.794382,22.505012
10.206522,7.245814,10.041790,69.780175
10.375333,8.608954,10.450557,68.361604
9.744697,7.455464,4.359453,39.349440
5.481668,1.992817,12.490767,49.213062
5.891055,10.409359,5.490618,40.972518
11.892429,7.057261,4.561218,44.148527
9.187739,1.607428,0.688940,66.484877
9.056374,8.035450,0.846403,74.656947
10.942778,5.173313,5.395914,21.836570
8.842713,4.320809,3.326759,28.990355
7.716554,4.831599,7.422941,20.992684
11.882139,1.526485,0.266539,58.633341
7.859416,11.040389,2.375817,69.747533
10.079799,6.229832,1.562991,37.637394
9.322796,1.932226,11.588115,22.847983
10.613658,6.577212,9.969357,46.934028
5.626797,7.747514,12.236534,35.692572
7.612023,1.630072,12.385073,23.923595
9.611874,5.549584,12.607667,72.549328
2.132926,8.177062,5.461603,48.514681
3.680172,8.370042,-0.073183,56.520976
4.083743,13.406635,8.145630,78.581386
11.865205,1.460859,0.533468,60.120260
0.535363,8.430719,11.176166,34.998508
9.786135,11.356525,5.004579,36.594091
12.668863,4.452036,11.627501,72.220605
1.914901,12.357928,3.906698,21.595673
12.849469,4.096506,7.298057,41.872319
1.562144,4.577901,9.584390,75.431838
8.868146,8.158178,2.799912,61.025908
2.899038,0.635626,6.286482,25.758373
0.117405,3.635175,3.839009,37.638140
3.499886,10.704320,0.164637,53.446284
11.250949,7.114358,9.214758,74.986302
7.296163,6.344008,11.488251,62.671140
10.312142,4.918303,11.756688,30.042807
1.343085,1.527850,10.470537,25.198300
8.527635,4.804139,-0.022499,27.989725
5.925022,9.811955,10.054695,35.762637
10.553038,10.687914,11.651897,66.321970
11.810618,9.836790,12.715534,72.720311
4.420478,4.401166,12.479468,57.846620
7.216835,12.741273,12.350815,29.334592
4.945472,5.703198,9.783162,73.165776
5.490802,4.619050,5.141648,35.340794
1.802202,1.026362,7.448450,71.532022
7.866953,8.827483,9.045388,56.821201
1.130297,-0.870429,2.135554,53.241109
3.153843,2.173246,2.951689,60.689565
-0.477795,3.089474,0.462451,51.953725
12.137930,3.201956,7.478179,42.216992
13.299258,5.568919,11.418075,53.047451
4.459222,1.530648,12.639507,36.224260
6.874296,9.535707,11.120327,45.522218
4.861191,4.190779,9.437259,60.604498
1.060384,3.883799,8.353128,72.361149
11.145007,11.469015,8.339138,21.937556
9.818088,0.913678,3.722452,60.634670
0.066847,11.222350,12.743923,59.964292
9.166248,0.282894,0.646865,78.341179
3.980816,10.150616,10.879237,34.809985
9.055408,11.635623,12.498228,76.688399
3.560745,6.000311,1.419317,71.285138
10.351806,6.718266,2.360882,56.715489
13.252676,4.978765,3.682901,34.288330
2.748705,9.170655,10.042061,34.883134
3.753852,4.125065,11.818041,77.563060
10.157282,9.875705,5.712633,39.182352
3.110431,5.143889,4.757880,65.054221
8.106892,12.336319,6.444822,52.938761
11.827401,4.565887,6.897693,20.183047
9.237448,6.454728,4.610186,49.248885
9.373349,4.679925,0.917634,25.995835
9.846208,4.371572,5.410474,34.228741
2.824758,4.459926,3.858825,49.615039
7.867878,7.304063,9.753732,62.748263
0.305327,3.596794,9.339040,57.029683
5.892755,11.528707,7.220092,38.886184
3.538068,12.633237,7.735105,30.461479
7.586494,7.281876,7.971562,49.257489
8.504896,8.096835,6.307900,70.815273
7.126608,9.337149,10.045795,50.582911
12.922824,5.905170,1.532826,37.456097
11.417751,0.921442,9.375293,24.190404
1.870257,3.859689,6.706708,38.968014
5.405547,2.110584,2.340110,70.289951
7.293063,8.725269,3.274560,60.469198
5.192774,3.143610,11.230225,20.932975
2.142541,4.376977,0.924888,57.000184
8.199851,1.783441,5.031561,36.939968
0.305424,1.504073,4.418666,69.001721
2.491710,3.649264,2.718075,59.492115
6.511650,9.388787,12.030208,61.306247
5.332567,3.925898,10.900766,64.558168
8.477160,0.017867,6.053366,59.951822
1.266025,1.588998,5.224918,38.540265
1.900564,11.102727,12.122907,64.972841
9.860524,1.996200,11.001397,33.894010
4.595176,1.354133,10.702152,65.176815
10.973139,1.631860,1.031512,71.051227
2.673620,1.836761,9.222121,25.042285
3.800313,2.150259,10.975089,74.768866
10.898635,5.869457,7.131664,51.331478
3.735307,5.762078,12.263753,62.695340
2.495400,0.754298,0.785534,51.666580
0.604339,6.548458,6.869685,66.153757
7.684601,8.207412,4.335187,27.802161
10.918510,10.995453,12.243264,61.069692
5.636075,10.583270,3.792676,79.643336
6.881561,7.127536,12.251189,64.585619
7.190207,2.603197,3.301286,22.110748
9.267359,1.762712,10.942310,34.017524
8.573042,5.424226,8.526292,58.556648
4.922084,12.254935,0.816652,58.736777
8.098040,8.655218,2.753227,39.434887
0.453976,12.146490,6.257927,77.081319
1.885156,11.993666,11.314697,44.949533
8.754441,8.112292,11.737384,45.238698
1.705172,9.283714,7.518282,23.140422
4.878880,7.348021,12.001059,52.994040
1.620507,12.762024,7.585574,26.583839
9.567292,7.996286,8.061564,58.028504
11.897936,10.085813,5.176080,38.840821
5.000013,5.583951,7.586029,30.542743
10.734392,8.147247,2.105456,39.928413
5.046623,7.820164,11.999720,32.057560
7.336933,5.877863,8.992681,76.975747
7.718273,1.077335,9.538240,24.214564
3.884428,0.248297,0.176686,76.462680
0.849439,5.790889,0.534858,69.545729
11.745619,9.396071,2.446854,38.440343
6.110227,5.227849,12.107036,77.751007
10.712186,7.127367,9.904760,69.066016
3.685806,9.518742,7.044468,59.371267
7.593441,8.190225,10.056198,33.281211
3.977012,3.968861,12.214339,68.108372
10.466743,11.697473,10.172059,54.104044
4.592594,8.589453,3.307555,76.121936
9.103916,7.001349,12.399460,49.210308
2.678837,-0.241647,10.154118,66.308852
11.466741,7.390835,2.166471,25.169962
1.604876,3.895224,9.516975,79.376352
10.964726,6.138105,12.395674,26.337137
10.092128,5.576014,9.052082,62.887344
8.400694,3.362510,12.801542,34.951069
6.768429,3.578395,9.275819,39.695104
8.904175,2.140784,4.710812,32.339142
7.068986,2.887988,10.003767,46.861984
4.258663,4.062018,9.508514,62.492155
6.645341,11.601549,10.909681,54.272059
-0.004341,8.778677,8.249939,25.843184
2.886089,2.693080,8.379435,21.959760
0.597788,2.311577,7.748185,21.081283
1.472324,3.165557,11.517722,53.725809
12.912404,12.688688,4.686866,77.391802
10.383280,5.164371,5.578923,72.716963
0.240536,9.852294,5.980689,31.686997
12.074384,9.614298,6.213143,42.061469
0.353717,8.608042,10.639323,79.319335
4.068459,11.092161,2.410767,30.776386
1.946210,9.771970,7.957976,27.099867
7.338937,1.258750,3.778644,41.347858
2.884753,7.422761,1.136016,43.997538
13.261568,9.574773,11.071469,40.478231
4.140579,2.088465,2.466049,39.941805
1.032752,3.836433,11.740930,20.938833
2.322847,2.533874,8.281959,29.577154
1.977894,8.827351,5.494244,43.398163
3.945812,6.102573,8.615785,53.652763
4.439701,11.041958,4.421898,58.031392
12.580538,6.440790,5.990364,33.948045
6.537404,6.649636,12.026834,44.281364
5.518926,11.512825,10.217847,62.562302
9.784403,5.725798,6.768160,44.358396
6.903995,4.707450,3.089432,54.240297
5.533005,2.701363,6.828694,39.140881
7.409237,10.930422,7.949529,45.953879
2.537683,12.198389,4.742811,57.518009
5.901547,5.510562,2.354872,56.367955
6.800012,0.569759,12.364985,44.300835
6.150769,1.495429,1.984416,77.442825
12.268757,10.232660,3.560119,79.737327
11.478557,11.611359,10.518850,50.698288
5.289517,4.347465,0.307627,76.940189
4.103913,12.209073,4.752149,57.229780
8.409732,3.601229,3.752682,56.239402
8.864207,6.868595,10.974086,30.736764
12.302342,4.424922,9.284998,45.095167
12.583507,4.734897,6.094220,43.472835
8.670798,7.989906,2.853347,65.673880
-0.128630,11.026380,-0.013703,62.175490
2.325827,2.582388,2.985365,42.300500
7.538304,7.915612,6.810010,20.831630
6.726406,11.711744,2.310460,26.482516
12.086690,0.292165,5.837870,62.066323
-0.194138,3.009267,2.284461,47.958563
8.832770,1.140052,1.170100,61.914090
5.814305,2.338601,6.235082,40.900919
0.340244,9.647417,11.069830,24.347949
3.060432,10.804839,6.174181,59.317964
10.124430,1.425601,1.680876,37.664081
3.349706,10.531967,10.787373,35.118952
6.493423,3.143931,3.738071,22.169635
11.605966,9.638336,1.669765,41.462015
10.292701,2.288535,3.676225,54.433893
9.161005,4.298955,12.176091,65.066470
1.981511,3.990971,0.877432,38.946230
2.173640,1.218371,8.858695,33.906594
5.805899,9.273524,10.480633,65.448395
11.517382,0.011743,0.172340,67.760423
1.527084,3.380760,8.271983,79.647746
3.547860,5.150816,3.933367,45.272571
5.241002,4.710209,4.718806,34.943824
7.869805,12.089656,8.526640,57.881945
6.939909,13.259771,12.298051,75.741360
7.180958,1.283937,10.320314,37.674877
7.831105,8.162866,8.849810,31.169262
8.132352,4.831698,9.445967,69.461364
0.345211,12.431275,10.438858,33.386818
3.118386,3.352215,8.574916,37.351365
11.762173,11.048760,3.448159,54.860939
12.104450,9.409978,11.656880,48.489142
6.243402,5.962917,5.619342,79.168977
5.336513,9.377971,8.700727,49.988928
2.871476,12.021063,8.308892,64.771586
2.710635,3.123499,1.978479,43.940134
1.708021,4.274131,1.237383,48.959910
5.624419,7.305916,1.026282,29.435517
11.912452,3.631838,12.134545,76.392695
2.283338,7.841785,0.627775,31.100222
8.737455,8.227601,7.839900,64.801696
11.429536,9.575693,0.359804,43.271315
1.434532,12.624271,12.644484,57.584763
8.647991,10.619163,0.945497,21.499412
5.719930,9.812616,10.265617,77.230790
0.861497,0.417192,1.187266,39.581153
0.418169,9.148018,11.247175,40.512798
13.335886,3.966836,3.617459,24.999089
11.184638,11.499269,1.315318,58.459102
4.161376,2.238567,11.622797,56.081880
9.486382,8.466984,2.078876,58.711857
-0.165566,7.718152,1.642711,70.118400
10.187647,1.654329,3.788037,31.602209
9.635301,10.609318,0.722193,36.179774
2.779821,7.863054,4.997441,67.538486
11.025740,5.955504,10.388012,31.340259
11.866392,-0.513754,7.850562,56.713364
6.260358,6.072439,7.700924,31.620072
5.003266,4.505476,10.676103,38.889263
2.249626,10.232667,12.425697,55.986362
5.057340,0.582229,1.310086,26.586480
2.007275,10.044071,5.798220,38.464346
1.797616,2.857553,11.499117,79.618949
5.073806,1.465623,1.001509,69.844221
0.486203,10.098411,7.655956,39.710521
10.131155,5.660163,7.593785,27.139353
2.560296,4.393809,12.623430,21.180712
7.380442,11.875389,1.282258,79.446405
4.008881,4.920823,12.204178,54.231467
3.269918,5.223244,1.080387,45.947735
-0.575879,8.552978,5.178970,49.793464
10.562741,6.009327,10.444482,28.525192
2.872303,4.460415,11.195485,41.486614
11.972529,8.797645,6.157713,23.736875
12.089805,1.006126,4.643441,30.211843
10.374080,0.665115,10.721626,36.512664
8.846646,9.710190,10.322887,36.882736
8.484775,2.272310,0.342254,30.831702
8.933547,0.565213,10.867753,29.225868
12.776047,1.536825,0.160214,45.890374
3.340941,0.279721,9.369863,40.342934
0.624541,3.543011,0.876194,60.403553
0.575662,10.117990,10.432187,31.978844
7.429028,3.675097,5.981355,63.844141
3.734106,9.669344,6.699636,72.133580
5.371113,0.327844,7.048389,36.765612
1.753085,0.903322,2.717415,44.783913
5.806048,0.784105,6.867472,30.123767
2.778816,4.396975,8.052852,42.793694
9.566075,5.493893,9.944318,42.052862
12.551129,10.432394,6.234613,31.671438
10.271497,2.462547,3.450035,72.600680
10.642952,9.488471,1.069978,46.921732
6.403767,10.277373,7.283978,23.261934
2.540792,6.561867,9.959210,46.637343
2.251561,8.401857,9.579792,40.951821
9.814856,1.934757,10.911581,66.575754
12.393337,1.435898,0.402581,23.949124
8.810455,0.590093,9.208479,68.949613
11.840978,6.810857,8.149073,66.707380
10.949108,2.645899,8.373944,27.789401
8.749215,9.417921,2.392780,55.995018
3.082912,4.155329,10.198353,50.896782
8.436711,8.920728,7.578666,42.652569
4.680466,4.589001,1.730897,34.932674
10.940681,4.281092,10.047212,45.113270
0.411703,6.592448,0.903256,41.078825
2.662836,10.358619,9.749182,24.560684
1.004606,7.287938,2.721222,40.006353
2.649386,8.960114,2.542619,32.550923
12.136098,5.828625,1.577142,47.366765
8.972494,6.351605,11.361753,39.348715
11.758302,0.506408,0.200636,37.869354
9.170524,1.852947,11.901988,31.680784
3.143977,8.052486,2.062324,29.625712
10.261430,11.173440,0.497385,24.871100
0.503125,8.825179,8.474911,48.831873
11.959212,5.877159,8.585316,69.222800
4.527721,4.069295,2.259024,44.115868
7.612455,9.778858,0.401904,79.964565
6.855741,9.590287,11.331688,47.338960
6.307265,-0.140734,8.539150,45.507408
8.486005,3.585544,11.170226,54.307730
5.501371,11.315765,9.004115,25.902924
11.833110,1.031905,7.398884,41.159474
0.700547,3.089150,0.370865,28.742316
4.441916,1.798008,10.620147,24.392416
1.333014,4.971016,0.569881,64.422173
3.434060,8.893420,7.552996,67.462981
8.578389,9.527473,10.476198,23.949456
4.083328,1.762092,6.946478,56.440511
5.949111,3.737897,7.754297,70.135949
1.862674,7.959720,6.552277,27.973369
8.807423,0.377876,7.605149,35.044203
6.850307,11.700017,0.395808,69.586886
3.223603,8.666530,10.398850,21.289027
11.605645,6.403732,8.996686,38.372462
1.350539,4.784904,6.493707,44.053446
7.621196,7.113141,6.842979,56.268334
3.566672,0.984912,4.253010,33.356242
1.394620,9.828207,2.248583,42.492001
5.594491,7.815860,11.708970,23.021213
0.979973,3.041261,6.433221,25.642453
2.528669,5.522184,9.728221,50.972599
6.422149,4.423515,8.630622,79.310999
12.920739,3.656321,3.408907,59.619806
10.759174,11.610253,3.891664,52.227367
0.649399,6.546076,10.439992,46.001245
11.119535,5.912935,5.225289,39.619978
10.258342,5.763111,4.149370,70.558329
2.595510,10.486178,1.177915,31.906862
9.869588,10.086825,2.990631,62.818103
9.709270,1.125588,7.574245,36.103090
8.753799,0.280553,4.168171,58.911854
9.962188,12.708923,1.303259,37.181195
12.894728,12.054099,9.061258,40.537020
11.171825,11.812807,7.802414,60.787639
3.530147,3.836436,0.053850,55.805691
1.023391,5.177928,6.183450,73.839090
10.271324,10.571933,0.693609,62.657110
2.864361,2.731149,5.040477,54.352006
5.493742,1.455606,2.207367,79.318972
10.926827,9.717528,8.716704,46.644462
0.761626,10.437768,9.024662,48.860058
6.124332,8.447500,9.891739,58.378813
4.369726,7.788190,1.723655,20.876087
4.331337,12.106584,6.055045,41.701646
11.664973,10.784985,-0.039252,33.073395
6.049427,10.463021,9.698066,75.032800
3.977395,11.267964,4.883348,78.049600
0.967795,8.808916,7.535444,38.434577
0.060351,8.919462,11.557595,70.164602
2.227223,0.021995,6.269191,60.352032
11.204035,4.964140,0.438606,51.962428
5.890686,8.720968,9.888026,74.005745
9.458900,4.395493,0.300287,59.081570
12.677118,11.142610,1.612516,65.455138
10.192693,1.400882,6.395824,65.343899
11.620237,10.153921,8.501737,53.393772
10.553796,11.661000,0.592116,75.233735
9.426071,9.569682,2.334849,31.501556
5.579129,8.742521,5.993376,68.294710
9.096824,0.440292,0.202790,27.375941
4.889188,12.051828,4.986830,28.473934
2.092416,4.483409,11.727574,56.972532
11.878721,8.622580,8.772807,41.902450
8.904935,3.599815,3.678591,45.040455
13.570824,7.020621,6.508936,49.367731
8.765782,11.456440,12.234346,45.437615
8.360481,1.830598,11.765263,66.775370
3.390802,5.469892,12.041919,45.959535
12.116382,7.531551,1.887662,29.763751
5.079393,6.692213,3.794168,37.578478
0.928219,7.567533,8.515869,69.175433
13.176614,4.158235,3.329648,72.436663
0.240695,11.890230,10.518259,24.488833
7.601598,1.374617,12.009231,64.475172
8.202783,1.136099,10.093153,62.744066
7.929934,5.988727,12.613681,25.538496
12.659189,8.862840,7.675722,26.570002
3.838747,12.564346,7.153660,69.321577
11.810468,9.515471,0.313628,68.023055
1.194271,9.845224,6.331139,42.194704
1.029887,11.337440,11.621380,38.637813
3.914654,2.461251,10.859004,53.537171
0.831098,5.868202,0.497092,59.425008
9.069973,4.174629,8.847344,66.345957
5.197029,6.517287,11.833222,30.847826
10.372189,-0.763695,5.186749,48.922433
3.464776,7.479817,12.356656,39.941626
0.417061,12.009663,9.309716,32.180585
8.023308,6.842982,4.553931,74.687728
4.957433,8.343340,12.514293,64.261622
5.516404,8.345924,10.232357,79.359003
12.597719,4.637617,12.820668,70.883939
8.285539,9.332535,11.669286,46.358372
11.109076,5.594935,10.952120,36.036051
1.058135,5.296236,12.088982,78.780945
9.138178,12.619019,6.023802,79.332907
1.020137,1.824695,12.060098,56.835898
7.669495,8.760212,1.440575,26.148927
2.839267,7.982110,4.214396,49.794303
2.645438,4.427114,11.174626,71.782488
5.496070,1.751203,0.422730,68.202132
4.045007,1.112025,10.611778,34.821590
9.147466,9.274679,6.304278,41.615112
9.403634,4.477548,4.409273,75.389782
9.092140,6.218840,1.738755,75.511334
11.945906,4.626928,0.127040,28.586745
5.237201,0.449263,11.749008,66.481868
1.116296,2.505031,6.601139,77.677736
10.640205,4.158811,1.568594,29.361513
8.728261,0.334112,0.150435,45.353460
8.434787,12.883333,3.455259,35.211584
2.497394,9.461496,7.930770,73.786595
3.946684,6.450797,9.316335,21.105698
7.032852,12.490402,3.327607,43.603069
9.759848,8.459330,1.460481,35.539537
6.132349,12.344986,10.486612,65.831059
10.712945,7.716930,2.481450,59.774377
0.471851,8.837301,1.443836,58.681083
1.519186,5.511364,8.554895,40.608243
9.192687,8.626339,2.598369,49.087983
3.314554,1.940345,12.331694,22.434780
8.179254,11.171369,4.663276,52.088472
1.722830,4.237562,12.641890,33.923512
7.467731,-0.289358,0.481786,35.010176
8.410642,9.370180,1.689202,61.407436
9.240054,11.209165,4.409024,61.395558
2.414253,2.431441,12.729619,69.921533
1.428157,9.027124,0.456231,79.009693
10.494690,3.050083,8.894693,65.520020
9.660668,6.691020,3.095093,20.082157
0.301571,1.902539,3.971908,66.908366
2.841758,0.790621,5.566240,58.733626
2.203937,10.504809,4.444555,61.691648
3.317910,5.511010,5.659399,39.681963
7.268002,1.598167,6.991640,25.424395
13.463514,3.841513,3.667114,58.074956
2.945839,2.669474,0.324793,66.124190
8.127379,10.532510,2.579597,74.309224
11.471640,6.431848,7.040471,49.938601
4.197761,3.566959,8.763548,69.001490
4.942310,1.196083,2.989844,74.655733
4.584899,12.499827,0.062649,59.135290
1.620958,5.257172,2.093381,35.675431
8.373652,9.559361,8.336570,68.602431
2.478016,6.805041,1.951534,37.903422
4.935461,10.457402,7.738680,34.765189
11.172019,12.074391,8.021128,78.539379
12.637874,7.540558,4.599237,34.460034
1.557424,9.326876,8.910050,20.386714
5.591088,5.917909,3.069707,72.367478
7.267406,1.587708,12.744524,52.872412
0.286367,3.264477,8.922918,56.803996
7.078275,6.094881,9.419607,21.630460
10.441549,10.919116,12.169006,36.106327
11.465589,4.206515,0.490265,39.853674
9.148549,3.167017,1.394232,59.334371
2.142030,8.523277,8.755104,53.544930
12.393359,9.657697,2.730099,59.624389
9.697196,6.735723,1.841331,61.486105
11.669196,5.082220,12.113508,77.480928
8.111440,6.979516,9.809355,27.786274
9.152687,0.162739,3.393143,33.398665
5.905650,9.342258,9.304231,22.545303
7.825024,8.480982,11.085272,51.921512
11.731329,0.729421,8.390185,76.970289
5.401091,2.055781,9.467300,71.164488
2.180438,4.982333,0.098025,57.580116
3.005019,5.463745,5.004967,29.044395
12.055286,7.630226,5.111917,38.341342
5.108503,8.211364,9.089475,50.689685
-0.249167,10.319239,8.359027,67.059283
3.511735,1.088565,6.034709,22.009558
4.719917,11.484920,8.619270,41.163549
10.319019,-0.072669,0.447073,44.488823
11.432897,10.109436,11.091423,44.989163
3.962130,7.055880,8.979710,36.060153
11.765853,4.258253,5.576224,43.045764
6.198733,7.384727,9.042351,71.442469
2.539260,0.087098,8.672843,41.124085
6.707006,3.827572,10.153482,30.069992
12.358947,8.482248,2.999336,47.288118
9.689460,12.034775,11.866054,57.144796
6.022091,2.402200,1.021309,31.215196
5.904678,5.642266,8.689978,71.054966
4.386001,7.228692,6.833772,64.419607
5.748956,10.468420,3.146271,36.816552
12.885213,5.086493,12.573526,76.037949
3.983525,12.428648,11.454000,66.138044
5.496464,5.531911,5.385988,52.963323
9.182139,2.313602,7.889842,27.650152
2.642318,6.506273,10.062772,21.950358
4.351510,13.197872,2.310632,47.961070
8.335901,12.067458,9.551097,30.624854
4.846470,8.497195,1.990787,23.840859
6.445157,4.870807,5.119287,73.652959
9.454123,6.986055,1.329466,74.003941
8.634320,1.473117,11.394987,20.706756
2.840450,2.261129,9.779827,40.491320
2.653232,0.316004,1.332096,48.169681
13.544032,12.989968,0.136366,78.465733
1.397512,12.135796,3.662672,78.758933
8.834937,3.677751,7.534545,20.223083
9.275198,1.594690,11.362301,21.754591
11.812092,9.577155,7.877889,53.686877
9.858339,3.994713,2.024874,34.790306
5.753416,6.798144,1.017859,31.240341
1.243269,4.338767,6.082209,63.460714
12.575512,0.844679,8.285011,68.160826
6.418395,9.635042,11.470686,52.520765
8.735091,12.032659,0.595359,36.266522
2.022668,9.711511,6.305278,26.961733
-0.158235,7.285656,5.761330,79.548749
0.935367,10.151563,8.768383,32.503068
12.078255,0.438340,10.519999,38.507461
5.248041,3.082847,6.779495,32.703972
9.281371,8.282571,10.023421,77.351751
2.161510,5.875568,6.350034,61.441468
2.265455,1.665949,8.157780,75.423759
6.408217,12.852335,11.457549,60.281411
3.412740,5.723015,2.194875,46.779328
7.388499,6.161600,9.559969,55.744398
4.196196,5.667449,10.435143,52.382649
0.044865,5.984882,9.835951,24.329557
4.855582,2.356357,1.593869,30.092605
3.475660,11.504944,10.031505,21.510802
8.799804,10.859438,2.151888,62.490865
5.051632,1.364433,7.798361,29.237471
5.628150,11.519794,0.302949,42.432933
1.391990,7.685806,11.589187,35.092361
1.492891,4.970632,5.748644,70.928368
10.627595,5.383875,3.689160,63.453210
3.460399,8.190825,3.114831,59.120965
12.970586,5.202349,3.656273,71.136827
2.290681,11.121395,8.345540,57.781130
8.496961,10.726730,2.651526,40.257016
1.297110,0.793197,8.890679,74.741388
8.602962,13.414290,9.095935,73.828229
9.522974,9.546814,7.439936,42.517137
0.729860,9.211455,5.608538,62.081049
4.352683,5.911403,0.915982,75.838582
10.059946,5.306774,12.753711,57.180557
4.757397,4.773088,6.472316,25.312146
8.147012,9.177546,10.643754,29.966448
-0.160305,6.089971,8.537353,50.865645
12.162483,12.488219,6.558889,60.308304
9.621435,6.077155,8.752944,76.125783
3.279553,3.835631,6.208768,52.215441
3.205820,7.406627,8.402669,34.083349
4.968394,9.810861,10.785873,30.465588
3.431084,6.250902,7.104153,72.470006
3.703051,1.969791,2.025484,34.145837
5.598651,5.066804,2.341819,27.654431
5.302940,10.888706,4.585037,57.044479
7.884805,7.141725,9.205809,74.757914
11.199882,6.400530,0.888440,65.189422
3.669710,10.273361,11.248421,41.261990
9.557072,10.727258,8.772052,38.835487
10.424233,5.827143,10.333101,26.288405
6.859140,11.803578,12.303224,29.490760
5.026728,1.254754,1.246662,52.217660
5.360673,8.329856,8.969111,28.986692
12.493877,11.007558,8.698971,52.012377
5.696271,6.074409,7.733484,70.110144
2.948876,4.995895,2.438779,22.534120
5.954897,9.090282,8.945735,74.984643
1.147150,8.311444,0.968781,78.428342
5.370740,8.778607,8.193364,24.685354
12.345732,4.966674,11.898317,61.440317
6.896725,7.454031,2.390860,76.258111
3.535406,9.095134,4.618941,24.251690
1.612906,5.412825,2.196351,42.688747
3.272418,1.670437,1.456535,30.318198
0.834098,3.548526,0.460596,64.113764
9.111608,8.891188,9.914329,69.924903
2.244290,10.605378,4.607900,35.737367
2.106038,7.438725,9.453664,26.079285
0.075883,12.198376,3.577625,53.526248
6.902261,-0.232649,7.963192,22.175666
7.897247,11.076544,9.673423,27.819505
4.163597,5.966168,2.131547,78.337706
10.160886,4.593482,7.104780,43.841805
12.608588,4.874715,11.867687,73.593773
0.611955,3.794596,2.710042,71.507701
12.210202,12.192348,3.105095,47.645408
4.164474,6.305509,5.982998,46.757982
1.833397,8.805690,1.606914,34.260393
6.031324,8.339038,7.998265,68.969450
12.073462,6.141127,0.318602,49.617308
4.347359,11.976892,7.577600,77.637559
7.436667,9.230289,1.002824,35.490708
1.570480,10.486284,12.759401,75.384533
9.810372,6.032827,10.345181,55.148579
11.806883,8.631590,12.801355,62.105251
1.583476,8.962313,7.796544,35.570616
12.964178,8.178237,0.695972,78.593382
2.971533,3.150954,11.456778,72.622634
12.787729,11.754309,9.904676,26.131917
8.958937,5.509634,2.672178,45.604075
6.867829,5.836439,0.857058,56.536983
5.083384,11.116637,1.725977,56.987271
6.885166,2.634255,3.964421,40.869639
5.618830,4.456448,1.855605,20.895876
5.436229,10.882053,3.246485,77.285437
1.841452,4.412053,11.064981,38.702615
8.288786,0.948385,11.026381,48.298199
9.401191,8.798610,2.866804,72.188783
3.381725,5.075426,2.786092,25.436658
6.217397,1.813216,11.393149,30.429860
8.372117,12.496870,-0.046842,64.437487
5.725599,5.172413,9.417492,40.140179
1.487719,5.127237,7.606264,53.428623
10.880829,3.167484,6.490372,69.598903
4.510352,10.467557,11.629054,60.611482
9.451825,8.090391,2.084321,23.760118
5.064857,9.439833,10.085158,22.562442
0.725934,4.356548,7.007738,51.248218
2.939415,10.990593,7.607142,54.483113
9.930811,7.147560,11.612629,67.572596
1.367495,11.284697,4.297449,50.235136
4.622345,3.485233,2.652361,38.688652
9.013017,11.681380,2.146216,50.328023
10.153032,0.783761,5.022903,26.870345
2.452261,2.636532,2.290615,59.767206
1.593167,6.404938,12.055016,29.581048
10.080894,0.397321,0.262372,41.441139
8.599686,10.227066,6.302745,32.762299
12.360768,11.133720,1.644027,60.885906
0.306832,2.136542,3.541109,34.068223
3.025624,10.229286,11.298548,72.643035
8.823952,0.640673,10.876931,68.374851
0.686831,1.125669,1.787371,66.734971
0.122437,-0.248552,1.442938,36.167827
11.085876,5.612013,6.416289,64.771050
2.662253,8.079895,1.213379,64.204424
1.859099,7.034593,4.292824,64.212634
0.143511,10.928096,9.609724,69.094566
11.119234,0.820832,2.493101,72.005074
5.872414,2.418005,0.383095,39.877793
-0.004695,10.033265,0.606201,24.789941
7.699179,1.834930,1.813059,55.760969
2.047387,0.007136,7.744493,73.963350
7.626486,6.253727,12.586960,46.213763
10.663650,5.329407,6.827566,63.140049
6.214920,7.661412,2.767377,75.786529
5.919933,-0.085694,6.277599,72.006548
1.384413,5.687731,0.427351,29.857652
11.790870,9.974581,0.142070,62.986326
6.401124,5.662714,7.803527,32.874686
11.262056,6.690462,4.465604,60.853988
1.132220,7.129202,0.256473,76.057936
-0.004787,5.379137,2.262807,26.915649
9.279342,11.372080,9.094141,57.123522
7.091657,5.427517,9.212734,58.801744
2.352810,2.662908,6.985886,57.172388
8.031882,10.200262,11.573270,51.908985
7.715424,6.965212,3.013094,39.157475
4.793105,8.891008,2.660493,73.688072
12.359043,3.828950,1.184598,48.306618
12.200305,8.465394,8.712351,60.960696
8.281367,8.886323,5.404215,58.181613
7.370816,0.877494,3.786410,64.865857
0.408250,7.329649,9.492310,65.070432
12.124842,8.501130,9.620160,73.113230
5.431300,3.490154,2.387227,34.188616
7.577934,7.322532,0.464338,25.048431
2.500256,6.676912,5.135174,34.228668
5.849190,8.470432,0.523120,64.443744
13.045862,0.049616,2.748194,63.508949
11.937264,2.626033,10.984504,56.235942
3.755886,8.970347,9.002906,35.367373
10.986243,5.744336,1.562645,65.426416
6.595043,2.143109,11.090515,23.624473
8.684802,9.434082,2.958070,26.991964
0.958997,2.932050,12.021352,32.092496
10.874141,4.677217,9.923085,64.884589
10.713619,5.474154,10.445654,26.130999
10.990598,8.371226,7.731882,21.295638
-0.490536,2.682135,9.431233,35.845329
4.860023,4.393175,10.465866,26.303858
2.498647,1.565385,9.559079,79.806810
1.411834,4.508017,8.377536,67.378266
13.089297,11.002496,6.166443,20.214898
3.891581,9.093753,0.220857,43.280216
11.364303,11.152911,3.640432,75.689624
5.252159,9.226727,11.552175,65.838439
11.581284,11.319012,2.779806,75.792536
1.809218,10.051210,7.300093,27.341553
7.507007,1.883021,11.698342,54.918210
3.038425,13.251500,12.248192,77.081268
0.876194,1.371304,11.613889,66.514708
9.736047,1.334953,9.934407,29.637823
5.183374,6.466816,4.457032,56.043483
5.425853,6.228145,9.837801,55.435154
4.406771,9.962760,10.814402,43.900024
4.822391,10.805345,7.560680,73.775184
6.568126,4.823248,3.742298,58.456999
9.641746,8.310534,1.690959,47.516569
8.169692,5.277316,11.694983,24.530939
3.285441,10.101475,3.603434,55.047567
3.335916,10.213163,3.260519,77.391144
2.408707,8.981521,1.418538,60.092808
1.274404,11.160757,10.987833,44.370868
5.469689,9.846085,7.960688,36.877972
2.930587,4.008842,6.867547,35.121144
9.113514,7.865455,1.668082,59.155683
1.994645,3.784293,7.724237,43.637646
1.115616,5.413816,0.981638,66.547181
3.693714,8.182406,10.708601,40.955153
2.349827,-0.298191,10.430228,20.273229
6.302379,5.894690,0.069503,68.626561
0.178900,5.646005,0.413638,50.011723
2.791484,3.179177,8.074203,48.561624
5.286332,4.053176,4.579165,73.357875
6.813380,3.336698,4.857087,75.847960
1.250150,10.552676,6.336121,48.481054
1.336397,-0.509106,3.983988,54.421703
7.633670,9.559043,9.482721,41.485630
9.660087,10.029020,3.563766,51.691814
5.040893,10.575035,6.112784,33.135886
0.178519,12.191401,0.448611,53.322775
11.229520,4.428795,0.004650,79.431410
0.551707,4.675513,11.239840,25.525453
7.542163,5.109194,11.371773,24.971198
11.336723,3.886260,12.510443,35.027242
8.651900,2.447528,1.115104,22.163989
4.352829,1.412133,3.537772,72.302236
4.638809,12.715425,1.568337,66.219259
0.955851,3.877755,8.075076,30.349917
11.573118,5.980873,7.429924,29.283397
5.602500,8.303177,9.916760,76.998938
10.991395,0.692970,8.211383,74.570276
2.876345,9.590491,4.380944,45.439949
3.607409,1.183767,10.034114,40.973767
9.669733,10.672230,5.155615,52.593658
2.147809,11.144576,8.584926,77.921418
11.913938,11.421847,5.045623,78.734363
11.106046,2.669015,3.761023,79.953013
6.562044,2.321149,1.553547,56.343616
6.221791,10.854668,10.507339,55.984630
10.458184,0.069211,1.844197,72.602874
8.019440,0.346339,8.212924,64.120057
0.450497,5.582718,0.700600,35.538955
2.816858,12.247512,7.526217,73.164803
0.766986,6.502032,6.929332,45.278387
6.048514,11.341074,-0.005491,27.645218
2.162219,3.987326,10.955016,58.209078
10.161190,2.709259,3.215687,77.462962
-0.476208,5.239234,9.567482,74.289319
5.009184,5.854338,7.797480,76.662876
11.646035,0.861328,0.654035,58.844223
8.395845,12.117184,11.326755,36.661393
4.898533,5.691341,10.529966,51.645401
4.732050,11.729385,1.623854,38.296847
11.939347,6.839662,8.379755,78.112624
3.253737,0.292649,12.649639,49.070135
9.316589,11.433906,7.871664,50.183591
3.229739,7.142703,10.916205,56.150015
0.914417,5.467758,12.380047,31.186601
0.129110,7.001193,4.480146,79.865569
9.251429,7.080486,1.328105,53.920375
9.803711,0.483949,0.729192,60.549462
3.320401,0.016707,4.315747,20.797777
-0.097224,9.045611,10.780305,26.960389
1.301418,5.315264,2.848834,67.656846
3.267155,8.227680,6.197988,49.468517
10.811830,5.751446,10.045002,69.532847
4.524724,1.094048,0.246180,59.382417
5.151054,9.419805,11.204057,52.874607
6.734014,11.013866,3.039278,54.012867
7.000548,12.037861,12.637356,48.563497
3.965952,11.808725,8.140449,47.788167
8.218002,3.585097,4.398015,48.989692
9.311203,8.765811,0.457048,75.789232
-0.507599,4.224078,8.493114,35.071002
8.051063,1.661783,10.882512,43.235396
5.277642,11.772848,4.552287,60.117147
1.958880,6.688318,5.667684,72.524996
1.703050,4.179164,8.197830,65.028985
6.676229,1.787457,7.471419,23.868201
11.022664,8.526931,6.326941,47.277265
7.559089,7.085024,6.676820,32.279718
10.954817,6.524922,9.239691,25.618717
1.346808,3.500572,8.366469,23.435552
8.188938,8.716604,11.255991,21.979035
3.055933,11.815138,7.411007,37.895792
11.993565,10.338145,10.525612,43.910422
4.103103,12.183766,7.697783,20.438632
6.696774,1.070012,5.342715,28.732067
5.433154,6.262536,5.265843,48.526996
5.545395,7.055195,7.662713,70.613833
11.873712,10.628304,6.979707,45.131304
2.565116,1.292095,0.636815,41.134080
8.313994,4.438896,4.874745,36.784931
0.193043,1.765186,8.542107,49.956087
12.296926,4.681833,3.531733,38.155798
3.011996,1.860412,0.560401,55.945746
4.440238,6.465822,8.491607,73.278464
9.943511,6.542969,1.482011,31.565428
3.359313,1.350440,4.759966,23.650084
7.488963,12.745475,8.165931,33.297841
6.690095,10.900860,9.900551,73.052246
0.309982,0.203902,6.914276,46.206636
8.503419,7.578962,9.604580,49.693940
8.289087,4.824360,1.168376,44.565264
9.635164,1.353016,2.735944,41.381569
8.051387,0.202248,3.413784,26.466568
6.552706,6.238108,10.014679,39.289367
10.170922,10.408256,1.985684,69.507324
5.217744,11.628308,4.775676,25.042557
12.402164,7.192094,1.939657,42.747173
10.516535,12.249433,12.205033,20.552406
9.387941,1.998159,2.418177,47.814624
12.286161,3.778846,3.507498,58.441052
7.344413,0.910206,12.731954,44.090959
7.838083,11.039960,11.935251,65.216246
7.413722,2.892610,5.228699,29.240528
3.661453,2.427365,2.288774,45.794486
5.182653,0.844611,7.602010,61.967100
5.913433,11.383857,2.825585,54.586276
1.725545,4.949624,8.380244,62.368293
4.761739,3.549592,7.630532,50.698038
2.173843,1.304316,11.923857,40.835763
5.682287,9.950621,12.072541,34.150825
8.875094,2.956234,3.613741,42.625178
11.559171,8.222365,1.401947,72.207797
10.874860,9.404836,8.518243,28.729669
3.518729,9.240541,6.973385,60.364021
1.652093,6.874990,12.502432,47.763923
0.388346,6.615340,2.038606,35.676801
9.400526,7.992803,1.419067,50.101825
12.717905,4.267855,3.187513,50.758137
6.553432,0.861543,3.877108,58.870445
1.190171,8.948254,10.980935,75.193945
8.307273,0.278535,4.334892,58.643134
3.012835,5.586260,11.181304,28.127693
3.028829,6.129261,6.916640,61.449876
10.894713,6.473077,7.572045,50.057403
7.409057,2.721965,9.888462,77.248969
2.119417,4.483950,10.035543,67.251296
4.072260,5.348687,11.648573,20.713364
3.534196,11.349612,6.542369,20.613267
2.116484,3.915007,6.038239,66.828503
5.618291,2.809564,5.323556,30.834024
9.059461,6.501474,8.127974,31.094694
4.222983,4.330237,10.393068,46.024184
4.171137,0.308746,0.902624,32.988918
6.289581,8.136472,7.774047,30.477926
10.649922,11.777087,0.051546,25.508025
0.105061,2.514389,10.242485,69.591267
8.558628,11.513484,3.916452,48.127294
3.471609,11.870893,1.887469,25.765424
3.114164,7.932874,6.383960,53.780347
7.183597,4.008655,4.722617,66.895200
3.533456,4.777951,7.569268,32.075140
2.916263,3.875732,11.113875,55.533007
7.528171,0.653294,11.578467,39.717172
11.979113,10.862917,2.984184,31.021301
4.211832,2.320218,8.170093,57.639163
3.268580,4.051557,0.780802,55.152752
2.914695,3.839471,11.471281,44.333296
11.974932,8.961914,1.838075,28.391019
0.168169,1.147094,6.613570,75.941068
7.702574,-0.120984,7.873951,51.903297
-0.108279,7.855540,4.436867,75.695854
8.415964,7.991606,1.268721,44.209067
12.058867,5.334671,8.484817,58.417674
0.707449,7.098526,9.526829,23.479325
3.421480,11.250783,1.058463,78.731125
2.487323,11.542651,6.478601,53.754992
6.664803,4.869728,2.615223,54.011890
12.103204,12.538766,8.082591,69.789124
1.114637,12.190817,5.171790,57.193200
4.967981,5.384295,8.166553,74.594057
3.822894,2.067222,0.832121,26.492504
0.629738,9.315063,9.929427,78.370546
0.990985,10.470345,6.019069,64.305107
3.909466,10.247731,11.196124,52.842184
3.890729,1.576391,1.622400,48.376761
10.765157,7.134643,11.768856,59.297461
8.008856,0.069189,1.141518,21.746531
6.710996,3.870160,0.445272,29.809386
8.962112,11.386968,9.245455,41.206125
12.248173,1.623402,0.781543,76.287720
3.617457,10.034051,1.092954,73.685142
2.545076,6.606537,12.454088,64.858160
6.926385,1.472808,10.685043,59.439473
6.352528,4.336709,8.160567,27.152559
10.737382,10.928257,5.759240,51.406263
1.169086,5.410250,7.994709,52.322758
4.849997,3.310875,5.767045,31.084540
9.039413,2.032524,11.412739,35.363534
10.538733,11.385390,2.759517,37.495306
11.243060,10.893956,11.995649,79.713340
6.611968,5.082549,6.294103,53.315923
3.937098,0.555786,5.635625,57.459260
1.722634,11.463980,12.052471,45.658608
1.762718,11.838907,11.779819,69.363848
4.132904,9.466903,4.485661,38.831905
2.565273,11.338328,5.878567,44.036012
9.033209,3.035659,5.840915,37.359204
7.816328,0.958106,3.639311,78.522186
7.774738,4.379286,2.422821,40.638518
2.767477,7.032286,6.314602,49.216421
12.579566,2.166043,5.121485,44.823390
1.987601,11.632669,2.054822,43.059719
10.337705,4.002381,4.751392,66.582039
0.371841,7.489558,2.487883,52.817371
3.037739,5.845850,12.359744,69.100337
8.933799,9.523997,2.730928,45.415617
6.363715,7.599189,7.162510,34.556990
12.092997,3.900561,11.326526,52.208501
6.832581,5.464840,2.456872,24.292228
3.856896,12.045253,4.803601,57.328386
8.136674,11.115569,2.265860,58.754397
9.746957,10.924465,5.379186,54.672415
5.308746,3.700911,8.965435,52.594181
7.814185,9.498358,2.937232,75.887595
13.075857,3.498974,7.499473,30.162415
11.362056,3.707152,7.742444,68.208886
3.583309,5.727686,3.261080,52.896229
4.100132,11.692023,4.598695,25.548230
4.911293,1.359171,4.763554,41.178017
2.056541,4.745346,2.154927,48.062672
12.551769,11.541524,2.393442,23.187499
9.125739,8.422484,0.326413,44.444195
7.769008,11.989492,9.359690,48.514605
-0.108411,5.292082,4.294432,70.499862
1.716971,3.989436,8.468146,62.936536
1.484354,9.110682,7.056747,35.874453
10.447731,9.510501,2.218548,56.254184
0.986399,11.213181,2.615042,28.496248
4.971029,2.237510,6.872120,42.845115
8.839762,3.620560,6.524649,39.754849
8.737572,1.874049,11.338450,23.468816
2.683494,2.294275,12.497873,68.231496
7.042296,0.962634,6.647562,23.740892
10.385011,2.560718,3.415052,47.230218
8.202330,9.033321,6.041336,31.227591
6.297829,9.437636,7.112164,41.230002
2.155519,6.489854,10.233258,71.956075
8.927504,5.818883,5.175583,61.569329
8.870892,5.847540,11.691881,44.081635
11.548761,11.179732,2.585614,40.331206
10.090814,-0.466549,9.547742,60.116987
11.662453,5.629842,9.221063,72.980366
-0.231582,11.846945,7.863640,57.311729
9.815839,10.846214,0.050609,79.796267
7.353804,0.881513,5.438929,68.639581
4.178571,3.465320,6.041898,69.535219
0.988600,5.642194,6.333815,28.583614
9.960284,12.475343,10.191488,72.895472
0.336975,6.777217,0.491995,61.390435
1.271964,9.127669,10.921612,58.984861
3.409166,11.941596,10.176688,57.052616
12.384434,3.769764,3.552849,55.175654
0.658969,5.844616,0.807196,56.010638
1.450216,3.678281,6.863854,50.802163
7.665189,3.448024,11.071284,63.732457
5.440196,5.195154,4.062459,61.314725
12.722367,3.319854,5.506750,51.545321
5.390873,4.420493,9.461244,24.018002
11.415629,9.656284,6.094262,54.588162
8.519424,7.130368,9.036657,66.050241
1.826573,3.393416,12.771117,22.278458
2.352851,11.711386,0.028169,48.947765
6.579484,6.771327,8.385210,31.107869
7.385387,1.815961,6.757098,64.943144
5.787963,6.470240,10.514279,57.091139
8.298471,3.509845,11.582206,67.847394
12.240291,10.329805,8.904361,47.453646
8.239068,3.436871,8.043401,73.500457
11.782459,2.596525,2.287261,33.371995
2.779522,5.141856,11.905558,20.057597
7.729041,11.223265,2.950219,69.194396
4.960357,10.676271,12.218393,39.533361
4.452151,12.527001,4.789811,48.540967
8.482437,2.218406,5.223328,77.794332
7.911567,9.581305,4.040047,25.690570
8.791471,7.363195,3.890873,77.875761
3.658249,9.211984,1.844585,66.288476
0.178441,11.861199,5.255494,60.456483
9.911435,3.642872,9.030766,21.158511
11.994052,0.635069,0.104171,71.940463
0.833431,8.314626,4.100227,23.807368
-0.004187,12.829351,8.997794,30.018157
6.241954,9.956899,11.358099,28.809903
6.766940,0.588040,7.333068,35.452982
-0.188762,8.661293,3.443413,59.323545
2.348829,1.724991,3.703034,58.657364
6.293083,12.056329,7.655290,78.013530
6.357665,11.700968,4.730297,20.439348
4.195933,9.809331,3.573549,27.269767
1.936617,10.758617,3.468177,56.446949
7.490572,4.576799,7.131202,75.287055
3.061305,7.176635,2.475187,66.743995
0.175934,-0.096563,11.662932,61.657266
10.688231,10.535482,1.197301,35.347478
7.940345,3.299760,1.236132,59.718841
5.182796,8.242597,12.186491,33.930932
3.440688,2.576718,8.790344,66.229233
1.895104,5.148224,7.594988,54.371850
2.127634,5.659885,11.118762,21.566015
0.166553,9.210237,2.515153,22.172114
3.244705,5.610878,11.807433,58.456996
6.144835,8.430473,9.220362,20.310319
12.702778,1.812431,8.676554,20.555947
6.688343,3.994870,12.500550,32.632719
6.253409,7.927832,4.638298,36.015426
13.255028,0.889463,-0.216950,35.089414
9.755932,6.384680,10.309082,53.862207
6.770086,11.813281,4.420715,47.788894
11.846319,4.596463,2.256272,71.855668
-0.147566,3.247364,10.960541,30.818597
8.421940,5.349141,2.443894,54.349922
10.450440,-0.568365,1.725314,41.113255
5.360998,1.118085,10.103380,78.192206
4.503348,4.922732,9.780491,73.317502
11.223916,8.530526,11.814206,40.090361
11.866184,3.800487,6.230910,34.727954
12.474374,1.234274,7.959004,66.517358
11.787922,2.074969,10.149873,76.816829
11.663639,2.512012,4.749190,78.482761
0.608544,6.178027,5.423123,61.035118
7.639207,8.115582,6.932682,40.291527
5.334488,3.344269,5.254742,74.832885
7.032209,0.906522,12.692803,42.118260
3.469484,12.663613,8.105688,36.338050
10.513007,4.079195,5.088654,62.983448
9.933440,6.542317,9.975034,27.038795
9.997237,10.889157,5.645042,38.158842
6.287982,1.252586,3.813785,45.621090
8.709631,0.866233,3.877954,49.424845
0.591942,10.515793,7.572441,46.645621
9.429255,9.339789,4.941976,23.744924
6.410586,1.944338,5.419578,52.313980
3.855576,0.581390,5.300716,28.861070
5.931496,3.531822,5.669146,33.342496
11.369590,5.902378,2.672728,28.284624
3.666480,4.444084,6.301240,27.601880
8.928678,8.808208,2.541731,28.876520
1.173936,-0.617266,2.793900,74.638898
0.732483,1.477053,8.248112,71.239129
7.481096,7.176868,9.958146,29.069174
8.265187,4.279206,9.813740,77.535927
3.902568,10.241019,3.304717,70.822303
9.802598,3.335248,3.960258,73.976672
8.772267,8.645339,1.863297,53.996908
7.372967,3.492217,0.726390,77.553101
4.660574,8.273642,7.932512,42.852798
3.776482,9.864141,11.149653,62.065871
1.162531,5.778566,1.874387,23.888881
2.897190,2.949512,2.969216,20.173455
4.245545,5.521328,11.752577,60.734991
10.538074,3.966068,11.822098,35.831465
8.738221,4.698436,7.265502,23.503782
1.191301,7.669630,0.979237,31.228672
0.689889,2.503675,8.040622,46.345619
5.538650,0.095044,3.989904,20.923841
10.284590,11.627881,11.922933,72.539286
11.521342,-0.509215,4.250657,44.289221
7.983173,3.571051,7.920260,60.169015
3.544127,2.279043,2.343602,49.985267
11.730757,3.917541,6.650598,39.153626
2.101605,5.480977,1.283430,28.682317
1.697993,0.794906,11.905733,57.845138
6.908780,10.684601,5.166817,64.351080
10.836485,11.522906,4.217204,21.143274
6.744444,7.475850,12.594713,67.767357
9.517162,1.139293,11.871035,63.835052
11.848159,10.727030,12.638115,68.669186
4.619015,4.761619,11.230769,77.616149
10.660803,1.794573,8.631135,47.589682
2.303940,10.541392,8.071021,61.466868
1.117174,8.629706,8.134613,34.582187
0.935323,3.551386,11.878738,57.234198
8.664133,1.875371,11.565278,26.984054
9.153466,0.730864,11.376449,70.560880
12.081449,11.622447,11.269870,48.526521
3.225699,3.923670,6.647122,43.581447
5.327386,9.632809,10.211019,68.272828
10.586983,11.057940,6.641461,27.727843
2.467518,0.893265,9.576265,59.803856
5.078422,2.509483,1.614253,27.155999
7.499833,9.289650,4.134442,74.519596
9.452246,0.205075,7.901908,63.702840
3.825882,0.346966,11.755249,27.933992
10.927796,10.980405,4.603441,30.206084
5.733521,7.232882,2.175715,54.950651
2.347564,8.212655,5.374481,57.096813
1.352172,8.803270,8.203448,71.479720
0.437176,2.831766,2.055674,66.026180
9.980461,5.274751,11.918269,33.993537
12.978827,5.895674,1.818479,75.451505
3.674052,11.791045,7.602076,68.758155
5.817499,11.223829,9.541029,31.254427
4.235130,6.646930,7.919942,25.254074
1.734043,2.438767,3.329648,69.696961
4.444697,2.334400,2.781407,33.923822
0.763092,3.015113,4.494552,63.849720
0.224443,8.676721,7.981343,50.263705
3.916079,9.050905,8.918483,66.961304
2.856370,3.150891,1.375652,78.135930
2.481305,8.545991,6.034543,21.448600
2.732122,6.085450,2.272510,67.486392
3.600384,0.814979,11.430463,61.703286
6.527345,0.766540,6.947976,50.109835
9.271034,3.382694,10.218355,37.756749
13.188400,7.978484,6.721238,55.978183
5.214504,12.297842,9.036705,58.207554
12.524491,8.975420,12.484326,54.008166
2.756373,0.100587,7.619197,34.581848
11.422795,5.480328,9.024548,64.247855
0.308444,10.219604,8.714693,77.957144
3.920530,11.101225,10.026858,38.698146
3.885576,9.210580,12.778597,25.976603
2.279851,8.617148,1.037753,71.675853
10.130297,1.419667,7.140485,55.658142
10.833478,1.122009,3.891551,73.393724
5.566192,1.772860,3.916278,52.834525
8.453259,2.657438,12.194976,77.855245
1.469256,3.282899,4.205884,65.228312
11.996533,7.477998,7.383511,53.519660
2.710381,14.228837,6.972360,57.385468
9.142864,9.541802,2.077645,72.590810
5.628291,9.239367,9.462245,58.579595
9.046526,11.692967,8.184433,28.625130
6.214354,1.934524,0.133035,30.680225
10.284504,6.398472,9.887624,76.803339
0.822730,6.325098,1.640833,27.602420
11.123395,6.655043,5.081936,40.073981
2.929621,9.288235,8.538231,76.773195
1.328055,0.850955,5.282429,50.912482
11.555305,12.581197,3.337078,21.098607
6.537897,6.345283,7.772597,47.646326
7.749475,0.913725,11.124687,65.449288
8.271819,10.628973,9.185345,58.642312
2.674239,12.674390,12.356987,35.268076
0.103566,5.810403,0.219785,42.742971
7.678658,7.761909,8.496088,70.052697
8.093476,1.882023,3.679614,37.245309
4.076551,0.844870,0.437872,68.755095
4.926760,1.975078,4.623678,49.385438
5.264833,9.055717,8.516317,34.719317
6.117154,8.798223,8.194432,25.646538
6.180044,1.580697,10.498663,45.393139
10.782256,11.986929,0.928725,29.683079
12.212608,4.776617,7.690228,32.353788
11.691638,1.848198,8.577614,33.097016
1.764133,7.110848,5.381988,44.013150
12.377298,6.853814,2.721749,27.797552
0.590921,5.327102,5.041315,59.547358
6.553498,9.636402,4.710716,34.573997
12.639833,11.748582,10.745157,64.626139
9.794707,6.799521,11.515155,69.021015
8.339553,9.769329,10.673272,35.771481
10.049923,11.759955,10.497360,25.294465
1.516319,1.852973,7.984040,47.693889
10.367075,6.141953,10.458073,72.232535
6.243948,1.827661,11.447175,76.288058
12.148976,0.665262,0.681226,42.871683
7.498677,6.102963,12.070344,44.237877
8.579613,11.234597,11.913715,24.428161
6.733720,5.784957,10.844768,37.383766
6.134519,3.046113,1.125518,75.281696
12.428978,11.936925,8.743749,43.668253
8.917524,3.275088,9.227903,66.283758
8.523700,0.762888,11.939260,39.187841
2.707706,13.260502,7.980329,27.224338
4.832461,6.161375,10.872331,61.218615
3.026495,8.866324,5.358641,30.196207
4.854311,3.282986,1.835254,72.379720
8.605663,6.569839,7.720819,66.191042
4.000355,6.372033,3.624289,35.248451
5.992542,4.049077,2.268465,63.561840
10.525472,3.771246,11.154919,66.852852
12.346453,9.341767,12.638637,28.957119
11.263484,6.476555,1.834494,53.360598
4.556770,5.798870,12.757677,21.765300
8.066878,0.218767,11.480457,65.516907
3.208970,6.977489,7.048837,65.283176
9.516894,6.809287,9.765782,68.657671
1.566962,3.706237,9.965220,50.381446
2.599589,10.021551,0.094530,35.903490
11.736256,8.979923,0.210023,56.568791
4.167785,11.860785,4.658835,27.050142
2.987714,12.261977,4.433978,49.997169
9.292391,12.046932,5.317124,32.385633
3.060415,6.154881,11.883314,44.437290
1.690288,1.105561,9.183098,69.492610
11.009395,11.498015,7.196890,66.197378
4.508235,4.959456,9.353043,48.085460
5.965066,10.813331,8.285685,54.690594
7.731951,5.983193,7.063288,72.733469
11.389166,9.881073,1.530106,35.735220
11.118076,5.604398,7.913626,31.063259
3.168926,10.913655,2.038183,32.668697
5.685034,7.404273,11.788713,71.757164
1.877544,12.004503,12.012722,46.263405
9.502956,0.912987,8.319676,77.269858
1.834543,1.876222,5.676868,25.900418
0.722051,8.005798,7.856204,71.293928
12.669573,1.850335,2.389167,57.747772
9.031561,7.532318,2.895725,74.450677
9.692513,3.042008,11.310933,57.285756
1.179697,9.023191,8.339649,57.085078
10.030010,6.689352,11.547544,59.151859
-0.042505,0.159807,6.825498,46.905416
6.404356,9.802317,8.052326,46.829583
0.029030,4.362683,10.261384,54.369235
11.750029,12.353073,11.545169,45.629596
4.796748,7.392886,10.534199,46.467275
1.186620,8.803090,5.565999,54.526493
11.949819,10.436069,7.746583,68.079887
5.276855,8.385079,0.252059,61.418268
12.177314,9.714305,2.153600,61.338256
2.942715,12.072712,10.344985,51.379401
4.220649,10.968680,9.636644,57.233308
7.183462,2.710242,0.793316,27.140756
9.378229,0.282862,6.311427,61.902790
6.789229,7.794072,10.265966,43.693399
4.733576,0.982753,7.813587,28.234273
8.405895,12.279404,4.894429,70.896878
1.389689,7.546552,8.743665,49.297590
12.434576,0.202652,1.141497,55.061467
3.364365,2.463704,10.888605,51.027159
1.323056,6.093244,0.489968,27.758589
10.955114,11.335987,7.254550,40.557521
2.937459,2.216479,10.440051,63.126756
10.574519,3.960696,9.248187,37.049413
12.615258,0.125345,6.003845,77.646090
5.976627,2.185653,1.287305,37.775877
10.324360,4.142601,11.141059,57.342458
1.801469,12.249672,7.089960,72.700529
11.411580,6.669520,11.061423,56.902872
10.075080,2.170851,9.073711,21.457599
5.657948,9.306725,9.693904,59.521863
12.371430,12.096015,5.309827,71.160648
5.146021,1.838845,3.006406,34.130358
8.166419,6.000993,4.781006,44.581334
4.729954,6.198070,0.047807,26.980127
2.954035,8.774901,10.656856,65.067000
0.467756,10.014146,3.911822,71.880662
11.755802,5.837132,5.689933,59.622533
5.281448,3.937688,3.008914,77.184898
7.229489,9.872282,4.616590,38.371736
4.593412,12.097234,11.940859,44.761918
1.500263,12.751478,6.470500,79.995071
11.385196,7.128836,0.226413,67.711295
5.919634,6.344392,1.073624,52.359965
1.665313,2.867565,3.614278,74.914030
4.069182,3.753004,0.433936,67.010205
0.733696,5.203991,6.879810,20.409525
1.064652,10.025214,8.957667,31.670485
4.397809,2.777911,2.194127,75.819625
7.810503,0.358584,8.700981,49.207789
0.223895,11.629009,5.165827,44.860255
10.991393,11.172523,9.313549,36.876629
12.256583,0.698437,5.854166,75.437097
0.548975,8.931807,12.166653,48.603849
5.216238,9.576236,10.296080,26.045700
8.895906,2.746097,11.490833,21.327813
10.494595,2.975280,1.440038,70.362106
0.759527,2.722593,8.474118,40.848200
1.773252,11.548365,9.942381,34.992508
11.684939,4.344385,5.453792,78.147554
10.412047,6.783706,1.887289,22.735667
4.217893,6.364888,1.873174,69.581555
8.177121,7.567102,5.941894,71.400671
4.920761,1.258857,8.162048,69.682520
9.587587,12.534251,6.893170,67.564150
4.782940,7.034057,3.026485,50.861424
12.254738,0.199370,5.552422,67.783931
10.204779,2.557563,1.442575,77.203693
4.997600,3.789979,1.900773,42.618984
1.715389,0.664313,6.871073,28.242724
5.323126,6.804876,3.153674,64.807155
11.081795,3.671176,5.876577,45.283462
9.994755,10.986905,5.311157,26.918796
11.393507,11.225114,11.878274,29.220418
9.746271,2.493516,2.766625,71.904055
5.130711,6.442514,8.889944,64.282091
5.004234,0.001209,10.193294,30.672112
3.898100,12.347622,2.169546,37.479491
0.868312,0.811198,5.309203,78.212952
9.222397,10.381281,12.801628,67.373570
8.448262,8.650454,8.568620,77.554654
11.639060,5.248274,0.313181,47.303662
9.173046,0.422758,2.153518,39.323975
11.976532,4.114802,1.794953,31.066334
9.869236,3.533300,2.247909,49.411583
6.705458,11.780863,5.595001,65.555818
7.058438,1.250197,8.333793,64.661200
10.380151,9.071774,10.159840,53.363130
11.195810,10.717735,11.252002,48.673836
8.786375,11.148694,7.520808,38.974058
6.356174,8.845164,10.136199,50.018854
3.261808,0.650858,1.423952,53.306832
3.335932,12.776217,4.922880,46.129042
12.593936,1.176712,0.252234,32.857394
11.329052,0.273413,12.206621,28.907487
1.207162,8.946099,8.055583,42.922881
4.559876,2.988371,0.089187,66.988290
9.173970,6.210612,1.314255,62.601688
10.228494,5.139935,7.310098,47.149002
-0.041589,7.507512,4.893787,75.454870
4.733653,7.668311,4.432221,57.735370
6.394662,-0.112537,2.002339,52.614059
9.339048,0.937926,0.749689,43.897912
3.756458,4.433456,2.884735,40.435323
3.966599,2.512055,6.342195,62.116841
6.105914,9.291094,10.079733,71.589383
11.951820,4.814600,11.941238,48.718625
9.880959,6.001577,1.266312,70.029859
3.295938,9.348825,7.960741,53.563397
11.417215,13.016153,0.004582,53.347530
9.770114,9.780318,7.583171,78.658707
12.664226,4.004500,3.386768,21.407982
6.413551,2.349050,3.444002,55.952431
8.948296,-0.238121,3.587075,49.837645
4.597741,8.047292,0.405513,74.525213
1.664854,0.991906,8.178308,33.141228
2.308449,11.528624,10.589633,52.547391
7.415651,4.350814,-0.131403,59.477428
9.090078,9.536370,1.978360,70.531912
12.909428,10.896712,2.179829,52.102203
7.149798,0.113671,7.548690,50.451652
0.839763,10.568192,1.827332,64.754727
1.128632,6.121537,4.284543,55.174903
3.695599,2.924377,5.841218,60.486488
5.121442,9.627855,11.353410,20.540368
7.428094,7.476071,9.498296,24.081058
1.971313,12.487056,12.411055,38.906993
0.494836,6.731515,0.292301,73.159863
10.714391,6.702920,6.644770,49.130831
2.259355,4.752244,3.973478,27.432757
0.858404,5.440565,2.616371,29.619186
11.890924,8.016209,7.185454,34.701509
6.651067,7.816163,5.941056,34.745217
9.359369,10.304814,1.280654,71.746987
11.272987,6.157354,0.190674,66.006280
5.480479,5.071421,9.080846,58.137667
-0.160464,12.222610,10.939394,78.698644
3.470598,3.963509,2.997931,60.538643
4.057734,5.977670,11.308473,36.418353
9.841496,0.728370,0.370751,41.183490
8.266809,11.126076,7.971089,60.480182
1.111888,3.513214,8.163328,56.163219
5.668096,11.784273,2.849510,27.244947
10.342302,1.061071,12.606414,27.729058
12.554030,6.124778,6.737466,46.204603
12.565746,5.582636,5.089108,71.807055
5.837122,0.351398,0.051531,68.742020
8.135235,10.860188,12.415019,24.565201
9.763034,6.401959,10.142043,73.403186
0.793386,3.341129,8.442711,56.053655
0.855382,6.347513,0.052367,70.156564
12.546081,3.411173,3.884973,48.271345
4.348447,8.006936,1.628616,70.642495
11.157032,2.164922,8.241049,24.559220
10.193183,5.707769,10.024569,70.261491
5.287906,11.043614,7.214760,66.743603
6.705154,6.946829,9.636531,51.184785
7.047326,8.088342,4.582414,30.039525
9.461490,1.767447,0.542473,33.035712
11.984159,6.682473,4.901565,32.079285
3.588536,9.951291,11.136857,20.376378
9.387155,7.663460,3.933507,57.422334
4.461467,1.081238,11.611178,33.578648
11.287381,4.673720,12.118205,47.081642
4.721687,5.064282,3.826036,32.397417
2.421705,6.473783,1.705056,30.260615
3.671940,2.455329,2.997779,58.165682
2.353844,6.265223,-0.021170,58.193174
5.060940,0.635944,2.674208,58.806365
12.528248,7.573478,11.007177,71.383094
8.999698,6.702845,1.850293,43.638071
10.245344,11.552733,7.782845,70.636569
0.275118,11.464677,5.130416,77.261031
8.838676,12.771152,2.013094,25.037938
2.156171,3.593529,8.685224,43.668254
0.968853,9.012166,1.845168,72.606412
5.563808,3.161306,5.788579,44.564650
11.847706,5.060513,2.220020,58.581974
5.456613,9.095364,6.464310,25.475738
10.082709,8.938705,0.376297,25.311607
7.307330,4.420928,5.448262,29.299753
0.126991,8.144549,1.021109,71.923584
5.170055,12.891341,7.565499,22.230154
5.719104,8.997536,11.868743,58.358799
10.801420,8.058540,6.681558,35.687301
4.009314,8.959582,11.045543,48.736884
6.525686,9.216456,10.232285,69.733181
11.622350,9.457819,4.148640,41.854044
9.708378,4.613297,3.118015,24.955869
0.352929,12.027973,2.011863,31.147181
7.357468,2.852844,3.652244,51.749590
1.698830,10.427129,9.271614,48.916994
3.230566,11.557722,7.474269,24.556712
12.377551,9.837159,4.943425,34.498468
6.467963,8.543594,10.135712,46.055161
7.015197,0.941277,11.869899,69.464574
9.282195,3.847466,1.890905,51.479362
5.401142,6.754083,6.968418,48.350744
1.908132,4.909789,7.048919,68.948097
9.068929,0.307520,0.726613,53.749573
11.099813,7.177946,9.623913,58.961603
9.528516,0.626205,0.431028,25.891684
0.931832,9.116394,8.481569,74.631218
2.425138,3.119944,3.310224,63.248420
1.522600,2.024681,11.023985,59.047655
2.145972,8.365355,4.123255,37.042558
5.615313,12.585923,2.084512,55.527274
11.778526,10.377271,2.429890,25.227208
4.649125,1.988389,1.869765,33.443556
9.942381,2.665948,6.249825,34.445463
0.201786,5.902371,0.068290,46.317902
3.633329,3.548094,3.689470,62.368326
10.407066,13.186938,2.155071,41.219171
10.380918,7.867926,1.969203,70.427461
6.501178,9.270275,1.740870,41.316172
9.670497,1.766174,4.822214,39.500865
4.857049,6.305114,5.694572,29.084959
8.974039,0.629697,6.031425,55.990371
2.424687,6.575299,12.336194,32.707056
0.890077,4.540496,0.766570,41.010529
6.163115,8.059977,10.709032,33.935358
7.159323,3.578968,3.558432,37.212826
3.179339,4.091574,5.140228,79.552905
3.875189,13.173345,2.450292,39.219537
6.483507,-0.547850,4.357145,50.505981
7.711693,5.475105,6.072237,76.220205
2.996674,10.713411,10.721516,43.654564
1.322338,9.032064,8.026199,49.251806
1.166401,8.822937,1.116155,23.124386
10.786569,6.556652,4.086863,64.614901
11.087839,0.391139,1.446150,55.030027
9.969592,7.519388,12.206584,79.857975
10.033838,11.429451,4.299139,67.776718
5.854184,12.963899,10.809282,50.597963
1.330974,7.632405,0.940715,78.532036
1.927782,0.726898,5.723663,32.051451
7.569050,10.983058,5.196924,33.009039
4.866883,8.337800,11.413299,68.797771
9.697472,1.335610,2.425701,60.006394
5.661283,7.146541,4.798838,52.007918
1.267499,0.812180,4.530581,23.976291
9.214882,11.342400,6.111997,44.234002
0.606999,5.400819,11.829930,49.577026
7.657114,5.744713,5.047562,47.286391
9.900167,1.795728,0.134338,27.319707
0.147697,5.448391,0.407921,55.492805
1.652175,8.082257,1.154205,69.753133
6.549002,8.915474,4.042312,37.971275
2.227115,6.165261,0.437002,32.407331
6.591504,4.015192,1.631583,24.808256
0.249517,5.036182,4.499479,21.696429
3.784713,9.817877,11.015451,54.780695
7.486456,1.690659,3.733581,37.820358
9.442159,4.570451,0.137790,66.816327
2.315034,1.215944,8.603460,21.635208
0.670170,0.591547,1.024166,64.537308
9.462435,8.873945,8.874918,33.542347
4.394581,9.795542,1.601658,69.973143
5.534803,6.932991,3.690564,74.441090
3.523795,4.808851,11.149765,37.884459
0.094650,2.573969,4.798879,72.105261
10.582504,5.834764,4.268597,30.803123
6.456114,5.859001,10.919485,47.126228
12.003798,10.864727,2.218445,75.616798
4.293497,6.141344,3.830832,39.746832
12.334386,1.156516,0.340295,72.013977
6.490379,0.963991,11.780195,28.491502
3.379009,8.061272,12.640292,48.938123
2.458393,6.648470,4.289459,40.459917
3.708102,13.200515,6.242400,58.501794
9.749585,6.472947,5.372498,63.676557
12.705295,11.452063,0.609001,55.915544
10.799620,2.018226,1.614087,21.382803
11.270349,9.963762,3.599373,37.855629
12.758684,1.787704,3.159193,30.791637
8.035745,12.591199,8.684945,79.401701
9.710582,3.568054,3.691661,38.450155
5.139662,4.281867,0.806150,40.782051
10.924659,8.188161,2.099266,58.382710
1.665381,8.862961,3.992986,22.653902
7.816806,9.239176,11.585174,70.008882
6.190212,1.600670,9.389679,76.043791
6.430623,3.261576,2.328520,26.369512
8.809255,0.402715,7.549150,53.547468
7.654784,8.822858,2.576054,56.263937
3.281300,6.394872,7.749788,33.084600
13.807228,3.613217,11.260207,28.769936
5.197133,2.024026,9.266666,68.498141
10.855300,9.919212,9.023063,58.703782
9.831397,6.583176,1.408227,64.335422
2.156134,0.416944,8.747152,50.795656
-0.107820,9.908169,1.684650,78.668205
10.710920,11.285023,7.898115,51.375943
6.178633,2.704499,4.614429,64.487510
3.012317,2.510505,6.764950,28.018917
10.652409,9.764563,1.036652,28.373214
2.866714,1.085088,6.973893,49.219296
3.859545,3.431413,7.980580,21.106646
0.863087,1.199443,4.840696,31.256006
5.814676,2.473146,6.257938,21.541348
2.533069,3.119137,11.652982,39.137687
4.378379,8.049143,4.190721,54.617478
4.468309,2.275860,9.775839,75.888609
4.820287,5.629321,12.410140,33.051401
9.616979,6.290179,0.145054,32.367835
2.589186,4.947544,4.559582,21.549222
10.565674,12.746096,5.582090,23.405432
9.790732,8.003348,2.102373,32.549318
5.041187,7.766350,10.873001,44.556417
0.904371,5.372397,7.356544,33.003488
6.639958,2.870381,8.560961,41.394065
3.780402,7.032851,7.159851,28.087663
2.820608,6.259516,12.574252,24.334590
-0.162033,13.069166,3.669388,67.955236
4.623645,8.394564,12.589251,56.402021
7.215760,7.403284,2.350971,34.728076
8.371849,4.793542,9.171880,38.632213
0.831829,9.292376,8.998832,50.661605
6.902795,4.945687,9.455563,40.802107
5.008463,3.737553,6.030740,75.596505
1.440334,4.469195,7.882229,67.515507
8.786723,3.034766,9.006253,64.826530
2.948056,10.937400,7.081077,62.417074
5.153664,7.313588,11.625182,71.883561
7.860152,11.104265,4.988352,36.621736
0.900595,3.560872,8.194227,45.703959
5.945398,0.216103,8.055181,34.797981
5.449889,1.747859,0.588117,26.509779
1.905934,2.109531,5.635840,56.750530
7.162000,5.810161,9.428132,43.042847
7.838047,10.290282,12.661720,64.660168
9.963517,0.752561,0.508144,54.550479
0.992759,9.229508,1.794175,41.142503
9.981444,11.723744,0.835681,58.600652
10.484904,9.910670,-0.022229,58.419321
0.120433,4.643342,9.384607,75.586469
5.551726,13.960726,12.405210,65.373120
3.280226,1.165439,12.466808,78.431194
7.697880,1.366953,2.994796,73.822711
1.697267,4.878882,7.178904,57.905970
8.387332,9.896979,0.040925,49.557810
10.121678,6.705409,4.051552,75.468107
8.763311,5.550670,10.783654,65.110723
3.619953,7.163170,9.361752,36.014296
3.722181,10.562492,9.601937,40.838160
9.909493,10.843517,10.524008,26.645935
4.616517,3.718166,11.871923,40.106010
12.039632,11.035592,9.781072,69.522109
7.894473,7.273107,12.608032,43.779635
12.024274,8.369860,9.684680,72.258887
4.581845,1.200126,5.811354,68.339515
10.579202,3.639262,9.976479,73.880812
10.700197,8.232111,12.032972,51.466001
11.265240,12.077854,5.518636,57.853867
3.321978,11.322626,0.304198,29.626470
10.261656,6.247236,5.290570,65.094874
6.898722,6.595562,7.840195,54.778885
12.054425,0.039249,0.497602,37.174421
8.726385,9.852317,0.904726,20.399412
12.139293,10.340309,11.881843,39.544078
7.554480,0.924690,0.339481,77.942875
2.032038,9.169336,8.045238,53.463113
11.196939,11.545809,4.089195,29.117975
1.053150,3.526394,12.718216,56.323631
11.556140,10.379711,10.036566,54.887383
10.025097,3.314065,2.140408,53.815013
2.319779,8.520208,1.661828,23.107922
1.388252,-0.052398,10.886678,25.293750
-0.186467,7.137171,0.433468,20.391967
12.098429,7.983338,10.360065,50.214347
1.945602,0.924891,0.186784,21.143306
0.360883,0.949062,8.413003,76.852946
1.134422,2.383967,0.370890,33.810396
3.945197,10.487425,2.076041,20.796885
4.710724,8.651047,10.318247,20.290882
3.166491,7.716226,4.765745,25.335269
3.606466,12.728365,12.776922,60.754041
0.609299,9.943170,12.673062,57.889313
12.252668,8.842006,5.585616,65.212179
10.638149,8.760795,9.642272,38.042056
7.487727,8.083585,2.136705,59.903505
