10.031786,3.075635,12.432597,55.733251
6.736202,2.027348,10.269915,33.585084
1.017429,12.490441,9.755716,64.156690
-0.206134,8.158943,2.808078,27.988302
11.934416,2.483316,4.751382,72.405007
4.734124,8.009351,5.192121,29.378442
7.338574,10.464609,12.696873,49.317208
7.510032,10.894352,12.525428,38.349847
8.276489,7.546358,7.623096,52.565745
4.906969,9.491394,12.456875,78.893175
8.582764,5.219582,5.855728,72.711310
8.843418,5.896246,9.520351,41.556645
-0.305978,4.856939,10.395373,38.266729
6.477741,1.567732,3.268121,68.074240
11.092836,10.945522,11.921524,41.632439
1.551706,7.300812,8.006219,26.595579
10.684692,3.030098,3.021871,55.670739
11.240121,9.573993,4.789413,36.479241
11.643263,2.129241,10.886124,74.661538
11.017454,9.658206,7.320968,53.269563
7.512366,-0.068776,3.156805,66.770048
4.719789,10.662485,12.824685,20.130381
9.211493,3.986847,0.771030,51.700644
9.610251,5.784194,11.996660,25.708850
7.640379,10.849165,3.855122,50.002499
12.072314,7.194616,4.219718,30.096497
10.645201,4.680142,5.391616,58.608103
7.978876,-0.610443,6.638756,27.311506
1.687621,2.678049,1.979806,68.284543
12.410388,3.677025,8.064447,75.596678
9.010152,7.088092,0.012817,27.673012
7.634648,2.243576,1.369697,45.470254
6.700638,12.243320,11.375040,71.040333
6.406930,2.146611,10.528519,26.819806
5.717248,9.442205,4.320626,25.392347
10.909104,0.768549,12.049884,55.546842
0.399585,7.940569,9.878074,65.458341
11.919607,8.876381,9.431886,75.713649
2.608292,5.720814,8.204147,70.483648
8.196849,10.671661,12.593726,51.261959
12.655531,9.858557,10.414383,24.460872
12.252238,5.537310,11.089651,64.187676
6.541785,2.085504,0.750910,28.361575
7.702158,3.454418,9.319455,65.801719
6.748920,2.427431,6.053536,55.369379
9.731555,3.014224,7.581208,22.635136
7.946719,7.885511,4.835405,23.953393
2.215631,5.223720,7.614861,21.778309
2.720126,12.424588,7.979037,21.438587
11.702221,5.286376,2.998046,63.158887
3.971739,5.913779,9.413378,54.531584
8.709272,12.196202,7.135057,70.255573
0.949076,0.922627,3.091294,75.854841
12.095020,8.250739,2.266477,64.724973
1.105726,13.262952,11.083289,58.808528
6.561612,12.445816,5.514474,23.899429
11.257578,10.108183,6.413279,64.352659
0.800626,3.492001,4.461144,38.816964
7.741754,8.217101,7.632428,50.383370
1.339374,4.065866,8.319363,74.697126
11.481001,10.203838,10.839750,20.742344
10.947165,8.856752,8.317973,34.417693
7.689910,0.415423,9.181502,75.290359
10.501655,9.236973,7.227537,48.589013
7.405229,-0.104407,2.126587,28.871159
2.151296,8.443265,2.845493,50.231966
2.033584,10.005369,1.920095,69.945329
10.776318,11.528943,5.333488,51.717018
8.973962,4.615071,9.525803,65.012377
1.642606,7.600741,4.034780,21.284863
9.324959,10.221547,1.845099,28.947937
-0.853872,5.455690,7.443618,57.559641
11.054494,12.231358,8.409668,39.386758
4.770171,4.941922,5.458623,25.052348
5.940378,8.317309,12.407955,43.900925
1.962286,3.370947,0.343447,48.521123
11.403762,9.026719,2.072231,34.293859
7.751557,6.589267,11.578090,38.327414
5.940284,3.072219,3.500164,75.035029
4.151398,7.263946,0.739901,71.586541
12.465093,9.984068,11.719168,58.614735
8.424714,9.797887,10.122285,40.136071
1.819487,12.462505,3.182783,63.627572
11.751487,8.611687,10.590837,41.829300
12.147317,11.911973,8.595672,33.483781
-0.094571,8.921660,0.047199,42.939431
2.849665,11.271251,8.993452,52.046830
5.038217,3.340638,8.128753,62.667948
9.097460,12.940408,4.858420,23.366629
-0.817775,0.067885,10.885351,35.219163
10.958088,6.939914,8.019339,38.791691
2.005235,7.155392,12.099096,28.666602
-0.063990,7.413080,10.724187,20.704123
11.908666,9.097775,9.059218,79.408375
4.548582,5.612601,5.761924,61.844292
8.802619,8.204799,3.488923,29.246999
7.740111,0.201764,9.960851,57.390804
5.233949,6.973086,6.532218,71.915434
10.775476,9.606368,11.390054,76.204667
6.574401,8.749378,12.030016,70.732048
12.328583,0.405254,7.043603,33.179971
6.842050,5.788169,12.159154,68.343430
11.858046,4.829266,12.017745,21.639590
1.169488,9.183883,4.557895,75.628637
7.382232,6.085171,7.361043,23.591655
11.916517,11.220867,5.481443,79.445125
5.894735,11.407717,9.966286,40.079066
9.629913,4.630506,6.050291,78.287215
10.783167,4.826055,1.427506,74.059018
6.424973,10.831968,0.739794,28.801527
12.180768,1.227006,9.951524,57.708419
6.655400,12.160843,9.649245,54.183048
-0.359151,11.126488,2.124128,42.698581
3.514048,6.983867,8.207697,22.100310
12.106478,10.348806,7.643370,64.373828
13.178591,0.513683,5.592217,55.304838
5.561140,4.607854,11.284836,52.815433
9.629894,2.613266,5.137606,66.384485
8.541492,2.595459,6.647932,32.174223
1.201313,6.017403,0.574352,23.075741
3.248560,4.730492,3.919491,63.843651
12.549942,3.843972,3.604820,32.662894
11.825071,9.760365,8.222370,67.981509
7.952268,11.397666,12.211343,46.445524
4.234732,9.136448,12.327464,77.245348
0.852970,12.923184,8.145883,35.530901
4.815493,10.349828,8.661253,24.794075
12.131458,3.419506,1.298782,63.423052
1.743114,2.029183,3.053562,52.975131
9.092787,6.546990,4.249531,23.223144
9.470838,-0.214781,2.124414,70.665306
3.509955,12.366372,10.716767,51.412538
5.924161,13.298828,12.407784,22.733835
1.613451,3.218410,11.215243,23.937254
12.271704,9.750150,9.114318,29.165263
8.815929,10.057365,11.721352,55.135286
9.507728,1.356053,7.074568,69.531713
11.308884,9.986265,1.085164,72.689850
3.065930,5.789551,1.120619,24.091675
10.005217,10.882210,7.854683,73.676610
5.329187,10.929866,6.888748,55.153801
1.750126,0.619704,5.869811,35.478846
4.558726,6.470296,9.445198,24.470691
6.859228,0.390700,0.325731,74.222242
1.727027,10.524886,0.437749,36.656787
7.484771,1.452705,10.396881,33.691651
0.740946,11.562831,1.282221,52.781895
12.129246,8.762300,4.249106,26.320081
4.155820,10.618741,1.648317,47.850149
6.147385,8.502152,6.919956,24.448343
7.622555,11.127352,11.814198,55.784596
8.425995,11.072435,-0.014614,46.736310
1.963396,5.848368,0.555697,63.881950
4.835292,4.562509,4.614248,73.420514
2.405894,5.568884,0.421621,67.206085
2.393216,2.256722,0.868193,35.825143
0.347150,9.944226,0.116063,38.310592
11.513142,5.303454,0.299960,76.982951
7.267292,7.551158,0.582351,46.669727
11.509215,7.313268,3.241641,36.670914
7.424351,9.162531,3.739396,41.247572
5.143262,0.735305,9.548286,64.198849
1.073590,1.325006,0.303777,42.069266
6.446305,11.627981,7.106897,62.373655
8.941951,12.521357,12.087913,72.093817
8.209088,6.067410,1.962158,30.963443
12.443648,6.235721,0.529705,41.553005
7.955165,10.593488,9.364784,51.603533
3.954409,-1.332928,2.393155,70.955281
12.259672,6.413476,12.011526,34.277812
1.518221,9.690048,6.435883,50.477650
9.133940,8.959281,0.322727,79.289856
2.447613,12.432702,4.336225,56.180337
12.345716,7.187592,1.910285,50.701692
1.412519,-0.411643,9.732507,37.464416
3.638382,2.404248,12.536173,38.651428
4.915438,0.720377,3.023833,78.229366
12.487460,3.767131,1.472493,47.056664
1.553464,5.754353,0.291421,29.902915
4.175662,10.759754,6.036917,20.206340
9.100071,3.387681,12.340590,77.394248
7.905438,2.281346,0.582375,77.084312
3.702002,9.218416,1.581957,35.254936
6.809309,5.118822,8.100924,66.348175
7.389666,10.977716,6.449335,54.746346
6.706607,11.692877,9.042261,36.480278
2.115193,6.972237,6.285889,27.772598
12.960413,8.440607,9.081702,52.660608
9.682144,5.232359,2.444141,68.393528
5.655790,0.563279,9.742626,58.247130
3.012343,7.508973,3.351157,60.595216
4.404335,-0.753397,10.545570,29.969757
0.520806,6.718951,5.254890,45.680249
1.127688,8.999719,11.488514,45.190227
2.206157,9.499081,7.810677,44.795130
6.153512,4.559193,0.427128,61.173203
0.500123,7.906208,12.707033,48.017009
10.107622,12.695778,8.144319,29.471071
6.224562,8.846682,8.618821,53.409212
1.031874,4.587382,11.360988,67.313556
8.820250,4.012691,5.811974,48.760062
2.793694,11.688131,7.600811,41.963231
8.539112,4.545070,2.343941,34.674431
2.681587,11.753042,6.662440,65.025339
11.599639,7.072640,11.123975,38.297715
9.639908,8.992791,2.575088,51.069399
12.335876,11.016869,3.740224,68.616410
7.858506,0.781978,1.920650,31.811457
6.902424,5.034770,3.518719,69.744868
2.210587,5.519533,0.740897,21.543416
11.291116,8.337495,2.184995,63.448222
3.098056,2.919825,3.691888,51.338061
10.316670,3.267110,6.238295,48.678404
1.278612,1.037238,6.984073,38.872598
9.363167,5.688597,4.038196,50.194004
1.577447,3.142059,11.957761,59.497770
10.024734,8.447186,5.843718,72.643592
7.337798,9.739786,9.850350,63.835092
8.050244,6.152619,11.501033,64.660123
12.113924,6.734053,11.283638,30.661797
3.099110,4.566698,9.784710,40.179159
11.234892,2.185056,8.905924,31.308543
5.490034,11.783671,9.599779,27.551429
3.759618,10.622198,4.854114,24.553025
7.686687,10.802887,12.267374,34.442384
2.419556,1.384541,9.912876,51.379023
9.948677,8.593722,11.023195,33.941456
13.138100,3.152593,10.162071,67.329763
2.110351,6.011965,0.472313,51.364273
10.256378,1.690631,1.478469,58.653792
5.425653,7.266773,2.042339,30.775657
6.513395,10.590911,11.924489,65.081805
3.889364,1.100868,11.814185,27.365603
7.655896,9.054020,10.628293,54.849252
8.716727,3.828605,1.410008,45.602278
11.384210,7.618912,11.608290,79.609640
4.845152,4.063564,8.840254,20.622211
0.078307,9.685597,8.731063,44.931538
0.332255,7.818939,5.265221,56.783713
7.204416,12.266853,1.338885,63.383478
11.317674,0.775010,4.698148,32.637969
7.995147,11.675306,0.425572,61.492486
0.455665,3.977834,1.841161,65.004995
12.750870,8.439022,2.148306,35.519250
2.100236,12.373945,11.825316,50.312939
5.669602,10.455174,6.076116,74.170447
7.795404,6.529275,2.756234,47.522051
3.351058,11.904230,11.290576,79.171658
4.100742,4.203886,0.512619,65.923934
12.145840,12.342765,8.157864,26.968008
7.139614,5.892591,10.652344,45.183274
6.423763,10.415698,0.328493,69.786933
13.494858,6.789997,8.126682,49.108627
5.178128,-0.141929,1.623436,49.438341
1.096865,10.268003,4.543788,55.425300
5.980716,9.467595,0.109617,74.695616
2.288590,3.736671,2.362160,21.404024
5.506782,11.777866,3.045756,57.899857
5.370465,7.051291,6.883623,41.451708
2.376675,3.433963,1.514372,36.133463
7.568639,5.834189,5.802794,51.652985
2.351937,2.644677,2.178851,37.947195
1.336095,-0.135239,10.439003,51.478256
3.672629,5.690447,8.164867,77.552438
4.211094,10.509315,11.599465,69.560818
11.746488,0.486318,11.622200,25.852854
3.290246,3.650520,2.058706,73.460230
12.710934,8.285157,9.360586,77.144419
1.390327,3.475880,2.472000,27.673601
3.229222,9.152972,1.698331,65.497224
4.216374,11.451107,7.048557,22.314065
0.526644,5.331774,9.350544,66.996419
7.752904,10.835536,12.453100,39.550545
9.244468,6.226033,0.735090,41.903248
12.387463,9.232314,12.363173,72.208010
10.010944,3.232920,11.002478,57.545884
7.771592,11.246374,11.148141,35.952441
2.825461,1.385036,5.048500,53.223935
6.990828,9.822516,1.260402,73.340035
7.071894,9.561561,7.249230,37.839502
8.173807,4.729686,12.669577,35.747599
2.129452,9.372461,12.153469,60.830831
5.622739,2.426783,8.329729,69.694453
6.161020,9.126820,-0.068972,23.487440
10.841612,7.367394,2.895284,30.253162
10.259098,8.646632,10.989576,50.808208
3.543718,6.663360,8.396815,23.345482
7.350925,12.512767,6.634386,32.194967
6.885141,12.959368,6.430324,31.585666
6.893702,11.207299,6.830440,61.572971
7.451731,11.222320,12.068614,50.122778
12.466834,11.069904,9.049747,32.081134
9.588755,5.871153,7.193507,34.202521
11.383806,1.574209,8.165218,40.781219
2.907908,12.249858,6.680008,46.251254
3.076891,2.850857,1.809331,59.768128
5.995714,3.871214,5.551905,75.826334
9.920535,9.710020,6.078893,62.164162
7.049805,8.540002,10.171401,77.928161
10.254919,1.613994,6.759646,67.423728
11.046966,6.922295,4.540430,63.633438
11.293059,1.825010,5.932954,28.250841
12.922750,9.436296,10.251551,76.641066
10.321594,10.615372,11.202148,27.086792
8.822160,8.035016,4.116340,64.446347
12.664844,4.823471,2.661046,62.059878
5.360608,1.277959,7.925319,49.711148
9.797715,3.157346,5.585435,61.501990
3.980564,8.472995,11.173886,38.612764
3.153739,2.259137,2.463403,26.996198
7.400298,5.424368,8.159877,72.010915
8.615695,12.545551,2.518804,66.408293
6.508104,12.074276,2.829574,48.412122
3.969647,7.531020,7.719646,60.179805
7.245201,10.787045,12.391292,79.875302
1.310400,5.954255,2.098024,75.491170
11.663941,0.561904,3.130674,39.720854
0.733043,2.932158,11.236110,45.151254
0.111093,11.411833,2.065791,42.030893
5.259893,2.423801,0.527101,56.968369
7.159159,6.983069,6.624805,37.963277
1.629216,6.131452,1.268976,64.891607
1.512766,8.273553,1.973992,35.021737
1.376897,3.028099,8.175581,25.692774
0.887556,6.943220,11.159543,38.230632
8.010102,3.694916,4.613845,48.366545
3.577109,9.061209,8.928994,45.051852
1.382710,4.276578,12.750368,63.327595
8.575581,2.470873,6.174157,58.336781
10.242870,10.698459,9.026803,71.850166
5.154051,5.274907,8.911012,33.722832
8.549071,-0.263054,8.911281,56.448911
11.923892,9.315051,7.904716,50.634036
7.934965,3.806791,7.857599,73.226776
7.415839,11.834225,8.530487,30.877976
7.968465,9.128912,11.172738,69.953643
1.411815,12.068490,4.554099,68.882758
3.322175,10.478921,1.612674,51.888389
0.702233,0.797439,8.863761,39.896027
13.219483,4.686614,7.430032,74.723348
-0.260921,10.051614,9.619145,76.035817
2.195889,5.218947,4.863806,40.117556
11.293184,8.467688,7.307038,72.226999
3.809436,12.225269,5.855971,41.190463
10.328240,10.315889,3.708564,52.548422
9.472520,11.585748,1.883135,55.547556
5.079974,10.960743,4.631369,70.683223
4.857136,0.403887,9.666506,60.176088
6.493638,10.229049,8.754987,76.922221
7.670962,0.414220,8.306190,73.142441
1.433043,2.135526,3.875056,20.260220
7.561854,10.717763,11.899269,58.374054
5.008184,0.431337,2.279432,33.973844
2.893636,3.448257,2.000484,30.664893
11.520058,3.897799,1.568745,63.641981
8.523186,5.273827,6.874948,76.112094
10.957111,0.464668,8.148115,22.970579
0.361765,3.972465,7.164154,27.414552
6.958605,1.607309,6.945503,54.973900
12.027477,8.567817,1.987351,72.345436
13.146412,7.326555,9.895735,78.636447
3.358905,1.393073,3.915024,56.060095
2.518052,1.022232,8.320806,49.583223
1.322472,5.006240,5.948633,46.164143
10.329820,8.598600,5.251251,63.271604
6.634156,8.201832,11.985993,72.355990
0.714772,7.914967,8.023764,61.276700
2.725420,8.987771,6.040692,74.167417
3.247116,5.428824,5.856847,46.169694
11.858713,8.948973,5.382982,34.669094
11.795117,5.189653,4.901859,35.146387
12.189158,12.342617,8.712225,62.466826
8.502732,4.031536,11.608210,25.731909
11.182275,3.117419,0.753443,70.834245
2.974179,9.628676,8.123380,34.759630
5.681551,5.692990,9.514970,63.444711
7.054779,1.723037,2.692898,49.832837
5.336374,1.249800,8.250322,63.018034
11.733339,4.038025,10.537523,22.517165
6.971222,7.684733,5.729282,49.844990
0.147436,3.047005,1.982798,65.690519
9.721327,0.464842,1.974574,44.961033
3.349616,6.518846,7.814096,61.036370
8.979065,1.397018,1.280513,44.344575
9.889875,6.038653,10.349915,61.300419
1.998848,8.640009,10.055326,51.158298
3.211985,12.053045,6.776123,45.641803
1.938802,1.102981,9.849727,56.296666
5.315778,7.146559,3.987279,77.192806
2.651438,10.460079,1.426954,78.229542
11.241793,13.199035,11.917965,28.197047
2.032131,9.511866,9.110621,70.307352
1.455123,1.435905,12.622069,42.102797
2.124454,3.311853,1.520882,70.364119
0.324899,3.386345,0.871444,24.799513
5.559964,9.879937,5.850606,63.343489
2.515543,3.465236,1.541758,59.538439
4.557371,7.360993,2.524817,76.133089
3.188617,3.340678,7.451075,59.965450
5.301197,10.998151,4.479564,76.761784
9.037180,3.066943,7.039716,36.230809
11.156907,9.889737,6.340351,57.777556
7.024376,8.621980,12.158540,50.217029
5.872894,10.855618,2.284312,20.124825
9.271135,13.298363,4.189954,64.957362
7.549481,3.561755,11.595727,76.928684
0.578647,3.412082,5.108554,50.281628
3.535562,11.132416,9.430457,44.797349
4.456980,0.025095,6.519315,63.796644
4.145129,2.976618,10.630212,58.563247
3.139939,8.628563,6.607147,33.919382
12.500648,5.863038,5.577388,57.412892
2.433542,-0.181688,6.765603,77.714508
3.124078,10.002219,5.901621,55.700695
6.884614,5.305627,8.986616,79.797808
9.181658,11.273840,3.827398,42.576064
7.400409,12.970605,6.367322,76.450937
4.878479,2.991379,2.305676,38.483834
11.759668,11.204540,11.016351,57.516528
12.562119,1.391950,2.835213,65.241831
3.456596,11.263033,12.521081,57.322117
12.711413,0.582539,2.700216,39.446070
0.502531,7.326581,6.619956,71.594620
6.251136,1.098842,7.929018,73.833927
3.550180,11.631129,4.260553,33.872285
1.738043,4.530586,8.746271,63.259327
3.378799,1.544867,9.839979,50.227944
13.642019,7.821300,8.176572,23.387929
-0.637106,10.336178,7.733298,54.955690
5.549437,7.563702,11.388227,49.879892
1.894635,12.833742,7.985151,58.767246
10.610231,11.776634,12.208039,60.055662
3.063432,1.630289,0.802552,46.467727
2.234907,2.361597,1.747257,20.231937
4.385329,12.102377,11.605086,46.278971
9.893576,0.873881,6.909451,65.837198
3.934261,8.614661,12.187072,32.330509
4.909465,10.731943,6.199212,40.354948
12.758401,10.100362,10.326224,66.114594
-0.468244,8.817101,4.361567,73.649771
9.018176,4.121107,9.963932,60.271737
1.095578,3.616927,5.937715,72.393700
6.390761,8.098097,10.606418,77.384407
0.757648,4.883296,7.308291,68.159742
0.050490,9.085922,12.098089,34.038839
8.492534,2.999940,3.632726,66.565452
4.646708,3.081704,3.351040,21.173595
3.394239,7.477140,8.175538,65.033996
2.937515,8.173061,9.572892,60.566785
3.117309,1.555420,0.276805,45.605730
9.811413,5.212565,3.696447,76.751271
7.651623,3.458223,3.992531,64.984399
1.108461,8.223302,8.847238,20.277797
2.956161,7.389034,5.554466,64.037933
11.524738,2.276425,5.697211,27.713562
8.290908,0.657330,0.365653,24.353326
12.099054,7.533974,1.738558,32.319865
3.075826,3.285283,11.346140,25.674120
9.718995,7.641136,0.588551,21.014610
0.544701,11.002744,10.050933,52.003238
11.344629,3.024496,11.493465,45.522368
10.261007,2.832852,1.325248,40.773301
2.477010,3.827613,1.472115,78.119274
3.204680,8.523261,0.427044,29.091583
9.655009,1.762864,4.705798,68.306617
8.296684,5.566413,11.856899,56.536879
5.056760,8.005319,9.111405,42.219969
2.017541,1.953251,8.860706,46.397752
3.721359,4.106219,6.696585,39.393913
1.247489,10.711371,2.465746,50.410728
10.364911,-0.043243,5.352980,30.845415
2.380695,10.384246,7.592255,33.380814
8.322829,8.329930,0.716892,30.772776
2.231584,6.990194,7.867581,54.121282
6.231276,6.117743,10.064731,74.553277
9.571795,1.213299,8.137276,60.485812
10.918029,10.483067,5.314541,60.799985
6.005417,0.660246,4.153456,55.298602
11.791418,8.921433,10.047127,46.696757
9.824308,5.996132,5.433955,42.425858
7.636069,12.729435,4.308310,35.770384
3.856214,5.872704,2.134871,70.394420
3.712511,1.038472,11.596486,62.523174
10.101020,8.779315,1.082434,43.015902
-0.326847,6.810029,3.867216,55.164588
1.489439,3.016473,7.577617,25.073682
1.619234,0.790411,8.348986,26.282366
8.777309,7.972919,6.486279,46.689222
10.822770,4.459387,0.678710,22.828786
2.644437,2.398132,2.954697,43.536749
9.407502,11.216805,7.942392,33.022783
5.863745,0.889830,9.801286,48.236825
9.742575,1.001254,9.626607,61.379932
10.028264,9.975186,4.546903,50.932175
7.910136,8.521327,1.465450,21.112031
6.014867,10.603807,3.939199,39.665490
2.453049,7.749089,7.726092,22.802969
3.156897,5.617897,10.218727,42.562677
2.224189,2.330119,1.797229,39.505595
9.217639,10.154614,11.768944,35.171616
2.898219,6.631196,3.398170,36.734855
10.903019,9.197814,-0.003584,46.680136
6.964924,11.313396,12.415734,35.880297
10.277250,9.087159,8.554973,65.457004
9.017792,2.574765,3.115965,75.478593
8.695254,6.761026,10.227904,34.626379
3.605162,3.129958,5.354657,24.827676
5.530716,8.104734,11.747884,30.072880
3.375109,7.689233,8.374462,53.050149
11.377847,11.154834,10.766402,49.405125
7.601053,7.928737,-0.048443,74.038845
12.603903,8.235518,10.330416,71.940344
10.984869,10.840680,11.847376,30.630350
10.940696,5.700409,7.403985,65.663327
11.820389,7.283732,12.475553,37.212931
0.397825,7.490145,11.328596,40.705873
2.058350,8.797410,7.397511,67.077430
9.052913,9.703819,5.772384,57.234895
9.114500,7.800015,6.043478,36.045421
-0.335808,8.088943,10.191365,57.966796
2.451633,5.142077,0.758925,70.616083
3.253403,11.897322,0.671017,60.603348
8.370579,7.108764,10.084477,36.116038
13.325313,3.123492,0.175903,20.948905
4.888454,7.218921,12.029359,31.550102
5.428902,3.670088,8.290450,44.904527
9.882932,8.181232,0.941883,35.588146
3.115667,9.159328,5.198718,47.872195
6.778421,0.386114,3.743691,59.144578
7.749645,5.609999,1.335151,59.396672
5.383421,10.562148,6.184501,29.641583
2.377525,6.188510,0.403228,66.649809
11.255105,9.754310,3.149281,57.065611
9.940868,11.523532,5.061402,31.897108
7.484071,2.780623,1.262882,65.063979
7.268303,1.761797,8.119654,23.709959
13.088639,5.023862,1.311994,21.931814
12.338747,2.330651,0.256416,31.841314
11.691070,10.987180,11.020639,26.044771
5.861000,0.018401,0.222874,39.472434
0.909574,6.320695,6.532765,63.422737
0.319045,3.774760,4.930170,76.710941
4.338362,10.569036,1.611329,74.254794
5.948769,10.234477,3.978566,53.709716
8.943950,6.709682,10.489587,31.939671
7.577115,8.902603,4.376819,66.555039
1.050689,11.924960,0.524921,49.565473
3.089148,7.358422,4.436846,25.832572
10.526283,10.685179,-0.025589,43.701245
7.847014,1.900219,3.597002,36.093820
1.374870,9.334332,12.048582,30.438927
8.060327,3.543067,5.455644,75.352154
7.425633,11.426809,12.327737,30.661418
10.415369,9.212148,8.509392,30.670408
3.105404,5.747422,10.447217,25.710008
11.650422,1.918502,6.304515,73.986864
2.128300,5.780127,7.609144,44.299535
7.726879,1.173390,6.575879,66.204265
2.153304,2.374164,1.670905,56.839949
5.817700,-0.813261,10.308607,26.339128
12.646156,7.009086,1.699298,78.045076
1.549660,9.194180,6.540370,68.133077
12.367585,4.896748,7.822058,69.403349
7.616251,1.752149,12.546784,24.635410
12.849631,9.661995,11.222877,56.496453
1.511761,5.737950,0.908669,44.304051
10.479635,3.353979,9.906723,59.051305
1.947173,8.664949,0.466465,71.923695
4.586881,4.587528,7.167264,46.047652
11.349061,3.617194,11.184889,35.764508
13.214136,8.369685,5.510083,39.495891
9.399821,0.857014,1.276993,44.572610
1.732210,2.943553,1.531650,45.565371
10.697559,9.637176,6.090103,66.733308
12.043850,6.271318,9.031235,68.758160
4.208282,1.146803,9.776890,41.263066
11.024546,10.341934,1.604868,54.146203
11.119441,11.042303,0.505275,53.074308
12.900652,7.193752,5.644859,35.775555
5.327567,5.325366,11.525183,76.941342
11.851905,3.820239,2.902488,32.769508
13.032372,8.149724,7.159765,77.819206
4.138616,10.611535,6.870513,43.107077
0.559684,4.107503,12.381386,30.507227
9.786687,10.993467,2.296233,23.034051
10.885543,12.696336,6.009592,56.590586
5.992335,2.457508,0.573497,64.254585
3.559675,6.501346,12.750476,68.084297
2.078273,2.614864,1.828101,25.467249
5.859905,0.359202,9.929070,73.630375
10.957038,10.346797,11.326733,39.819160
12.045883,2.295336,7.589650,69.669406
1.106801,2.166515,9.627460,24.534004
2.677659,6.500029,8.222361,70.114190
8.604041,5.051612,8.749125,42.875760
8.225176,3.687896,5.694639,35.510831
5.985680,6.979101,2.074798,20.523296
3.193701,11.190901,10.931711,39.870344
4.313723,8.530091,2.392418,75.979477
9.819204,4.250166,2.003927,75.823001
6.153811,7.168969,9.134140,52.828040
11.223377,7.656943,8.738163,77.502513
8.521942,-0.410219,12.591236,61.572811
2.319171,7.523357,6.326437,29.208197
8.254507,3.723810,9.623806,38.027061
8.013060,9.744701,6.973277,20.279961
2.914759,13.276350,10.691328,29.990458
8.829862,9.728120,5.065604,41.419272
5.088885,2.575186,2.672982,64.557677
4.061618,12.226857,6.529704,64.642046
4.824103,2.209073,11.121886,78.580060
3.290153,7.612145,12.716957,31.716124
3.318197,7.129379,7.416840,38.544049
2.357056,8.767541,11.938352,79.945857
10.419761,4.120071,9.744119,27.668158
8.323278,4.722286,11.576413,40.605612
4.886245,10.343045,1.831919,65.256609
4.261909,6.308672,8.953251,45.554368
12.563585,8.867056,11.474567,73.039353
2.278859,10.254995,2.217511,48.140328
11.961107,9.318872,0.794453,43.996054
11.941888,6.763966,1.861367,27.912060
3.450472,5.781270,0.883813,24.960719
8.607419,11.792446,10.512822,32.436203
11.461979,13.221248,11.433206,33.497695
11.792569,9.607347,2.082791,71.762092
5.726922,4.329177,3.141816,41.211576
6.549622,5.448861,0.115080,58.158668
3.107849,4.415412,5.626389,69.539888
4.810301,1.149567,11.893058,50.747823
4.531703,-0.351108,10.093423,74.241134
12.400317,11.107709,11.921922,45.807415
2.057459,3.142664,1.994991,44.243343
2.474646,8.814510,11.226413,56.732777
11.940295,8.491200,2.134158,47.204177
12.492629,9.492657,12.143962,66.004105
7.036457,10.876079,12.483093,37.955825
0.645465,2.280622,9.621079,46.221999
10.734907,8.747848,5.540248,61.358353
2.294527,7.344399,8.682743,22.298802
8.764340,2.336091,9.450775,45.274243
9.201326,4.796597,2.987607,62.219584
0.320564,8.913217,1.593643,62.554767
5.526103,13.243747,9.457115,78.539625
7.271303,8.556257,7.071790,38.561882
11.835210,1.692214,9.241335,28.774757
0.987833,0.960559,7.475122,63.494209
10.154740,6.293493,10.348216,58.381671
4.252073,0.561611,9.999069,48.409302
2.567448,6.358087,5.437966,75.423578
12.278880,8.802586,1.947659,70.178477
1.512486,6.741859,3.480311,77.104826
4.090987,7.611283,4.997299,47.743494
2.042412,5.177963,9.436423,31.960864
5.891671,5.464522,10.191172,21.135773
11.086711,7.874859,2.389727,26.318004
-0.510558,5.310833,7.996258,68.162172
11.907942,9.515699,8.365049,62.346856
0.000129,4.903078,7.120650,60.938999
8.170283,2.721644,5.190562,27.683724
7.692654,1.967958,4.833150,77.690933
2.026297,1.549032,2.291319,77.333261
6.317394,2.126316,8.176353,60.116235
3.193744,1.507904,12.214502,66.424791
0.339733,11.127603,11.726632,60.242257
6.737436,12.464809,7.940180,78.023073
10.816919,0.571503,1.648120,48.042893
2.367915,12.542085,0.526100,75.131971
4.325225,3.391858,12.268690,46.648981
4.339447,5.972300,4.320385,73.374900
6.071058,2.011809,0.125736,76.727282
2.382861,7.147779,1.262297,55.836997
1.743804,7.438512,0.202735,54.794141
3.614412,4.090167,10.898518,35.038235
6.678373,9.609014,8.239743,74.452800
4.767009,9.367586,12.639200,70.781260
11.668842,10.113349,10.171789,70.915948
9.249458,12.204829,11.525366,31.570146
7.704057,11.244395,12.566263,26.105950
1.920116,6.266493,5.194338,47.707569
1.302676,6.095949,7.195187,23.864220
2.551525,6.547267,2.589684,49.055386
7.822641,10.650858,12.361064,27.533529
1.032241,4.024703,2.585255,45.585484
4.713806,9.453313,2.632703,40.593714
-0.519409,3.370489,12.396141,77.773893
1.323087,8.697631,7.205613,52.131927
2.781711,7.749172,7.398262,51.533919
6.143461,4.618615,1.110546,59.134317
8.725046,9.330288,11.384087,35.109380
0.429711,5.255786,1.550537,63.438673
5.606997,3.624101,11.246031,29.025022
2.847034,7.023477,7.987904,58.054820
11.658903,4.062668,12.347865,57.681879
1.823620,5.979897,0.713536,55.950474
7.540759,8.541528,7.969823,67.934529
6.283803,10.793100,2.530857,26.405796
3.085410,8.993045,6.901457,62.960619
8.224730,7.737921,5.550824,79.356808
11.418705,-0.193030,8.244465,38.520684
4.611621,10.252072,2.726299,26.839636
9.907600,0.869287,1.516506,57.647653
11.667176,9.771708,8.777373,67.247654
10.775637,11.495113,11.370137,35.432294
12.797083,6.169556,11.714491,46.049164
12.184455,1.865245,9.499219,46.736428
1.354362,7.085522,9.634514,24.213295
2.205474,0.746558,9.698031,67.029001
4.303052,7.022950,0.625228,74.071068
8.927392,4.137209,5.495930,72.289002
9.901740,3.623897,6.106241,70.375137
0.171962,11.613333,11.205996,27.410681
6.351315,8.374859,10.900067,46.187995
10.147665,11.043612,11.374168,43.924323
4.563842,1.826581,10.606275,54.846685
10.113109,8.228698,11.347225,23.714385
3.284110,8.901253,11.961566,62.769894
5.036128,0.660823,10.089960,50.853661
12.785533,12.043462,11.505445,29.362769
7.436841,3.045133,5.421832,34.255879
0.591106,10.734121,11.837833,24.653706
6.450857,10.854694,12.055983,64.729719
9.423496,2.780553,3.654798,29.693665
3.194132,7.216497,5.728249,74.476745
11.539773,1.041536,5.217001,28.852716
8.293514,7.761589,11.639830,44.639093
5.042284,4.338855,8.250995,72.887978
3.334694,3.522196,6.621092,49.437145
6.844100,4.024554,4.261286,48.328191
-0.248760,6.578952,6.641879,49.724779
10.903805,7.365689,11.562814,48.973738
0.065897,6.204414,2.828858,50.691477
6.729934,2.159053,12.648116,44.421010
10.656121,2.111447,8.755286,44.889452
9.961071,9.161259,5.415740,34.732771
2.112030,3.432922,2.049162,31.013217
12.969448,3.745429,11.049820,68.360534
7.111040,2.461781,6.438077,37.513280
3.813117,8.349772,8.199494,30.898094
10.357765,10.157410,11.285126,79.318228
0.846423,10.045676,4.284186,20.582700
12.033043,7.902266,2.096881,26.605169
10.453060,10.401035,11.173052,37.132411
2.991863,10.106307,4.734041,25.585705
5.123235,3.201667,7.770681,62.704502
1.303459,2.220517,8.022998,66.070654
2.355040,8.438313,2.358733,40.193101
6.529770,7.044390,10.184383,79.054727
12.043523,3.783616,7.991012,42.202801
8.954844,0.142816,11.453711,27.595986
9.054473,0.871023,11.165366,44.079162
1.571035,6.065950,0.864031,32.012770
11.001554,-0.167928,12.257283,61.328693
0.375945,7.326341,5.578618,36.472576
4.622636,2.233224,8.934945,35.094655
4.461868,4.083102,8.260586,43.828187
12.662147,7.763828,6.834031,73.877270
10.907182,0.882851,0.301312,58.767668
8.954719,4.979182,1.052214,67.276038
10.401204,11.671310,5.250596,44.907233
1.429642,3.327760,11.614424,68.405246
8.334397,11.347067,12.746796,72.462609
12.896483,11.831004,8.237189,49.712305
9.252355,9.864990,8.017838,45.418575
12.014817,10.519768,6.803915,34.967363
11.166005,6.634744,10.952761,62.298903
2.879662,12.733974,10.766049,65.981177
1.891998,9.704679,2.145321,44.528783
5.499304,4.399009,8.193311,28.508808
4.457447,1.786199,12.486506,33.218979
10.819460,0.714323,10.926792,45.682253
3.907968,9.259319,9.207030,40.710261
4.028907,6.529165,3.005982,69.458990
6.214638,2.107609,11.179322,23.266352
5.540850,9.952809,11.823119,29.952357
9.428082,4.984399,5.938857,65.842319
2.767460,9.964432,9.163455,36.912020
7.876508,10.039611,1.840656,43.698620
5.723534,2.861913,0.850331,22.821560
7.072978,1.475066,12.700881,23.867417
2.682860,8.478374,2.757017,75.165307
10.255030,5.774750,5.337635,40.725093
6.832749,10.694907,11.954919,48.026301
6.265930,11.853247,6.209605,76.635164
0.324260,8.023611,7.657503,42.095461
2.755961,4.800058,5.543179,59.345694
3.528581,0.707866,11.319365,47.171721
11.239682,4.513953,6.998348,35.179553
7.237081,9.526758,0.254324,54.184867
6.868815,8.577581,3.205905,70.340349
6.550946,3.721597,8.453456,30.309598
10.726218,0.834056,1.094868,41.110692
6.338454,13.162787,4.683345,20.860620
3.206919,3.719795,8.472566,53.083306
2.796217,11.965301,8.264637,34.492327
6.747390,10.685781,12.496111,29.975147
0.737787,11.889949,3.847679,72.173304
6.470416,8.572315,9.784903,56.405714
10.770883,12.974320,2.891698,72.374342
6.951687,3.942539,4.283828,42.453322
2.282286,5.442191,0.993081,27.279831
6.473060,2.560878,8.461522,39.275445
6.404249,6.416192,10.363574,45.942974
9.791602,3.215649,6.243170,41.815906
4.185986,3.638017,5.174762,58.551010
4.172641,11.987681,7.992248,35.946768
12.088810,6.395577,0.280232,24.005335
6.970685,11.348287,12.295230,51.492095
10.499594,3.181105,9.778732,36.551982
0.777732,5.887182,10.633046,64.429724
0.321831,8.659387,5.689974,39.190485
7.120787,13.193032,8.842697,47.663386
12.490109,1.450273,2.689110,62.707696
1.013334,3.146993,11.042065,34.834758
9.772035,7.245589,4.733765,32.576941
1.089243,0.462487,10.159633,79.560315
5.250185,2.314699,11.439742,57.834518
11.650766,1.276988,3.473202,22.732064
1.725437,7.660963,5.003785,67.178689
12.536924,8.901533,4.144630,42.625211
10.780503,5.386418,1.011339,47.661301
10.897825,1.661328,0.120646,74.441347
11.759975,0.864416,11.054017,56.553201
10.257310,7.085954,2.593900,31.751440
4.530820,7.990356,7.306806,50.626671
7.805469,2.076744,8.892881,31.481999
7.022115,5.077649,0.131990,29.249204
8.015284,11.461622,12.433379,67.690391
4.363429,1.170592,7.428432,39.207672
4.683189,4.662881,8.467110,45.895147
5.739154,1.865828,6.706236,33.427435
11.147446,0.715924,11.572546,62.293551
1.652227,3.364754,2.154860,65.984435
11.889296,5.650790,3.642528,26.584367
4.671652,-0.156481,9.991164,64.741429
0.292288,2.966887,5.114750,77.293334
9.733431,3.984782,6.210288,48.209028
8.708688,11.573061,4.621413,52.628473
7.711118,3.759146,2.628300,64.967353
1.654729,5.257495,7.237186,36.368443
8.527075,8.724802,8.487999,54.369340
2.305687,12.405311,9.216887,29.859857
7.732946,4.388013,10.031685,20.250092
8.683582,0.002998,7.558421,47.824825
4.748711,1.755980,2.231900,76.578199
0.859650,9.276931,9.668123,24.415580
10.220590,0.779607,1.039945,44.111713
12.054555,12.504690,0.754379,54.772888
11.695731,-0.043110,4.150992,26.444671
10.191980,9.170010,4.454686,23.859055
2.062226,9.015895,12.488063,50.365700
10.427784,10.205789,4.632375,63.049631
3.370867,4.826443,11.831245,36.392868
11.073272,4.948594,10.982316,74.888062
2.271879,12.707759,10.890571,49.467734
0.265676,6.051572,4.707460,78.365647
0.582515,2.594135,1.732481,41.487684
11.279039,2.444839,8.632913,64.135475
8.464845,11.717504,0.815851,66.783046
8.217895,4.935662,4.249955,48.398998
2.575684,7.408268,7.518459,50.143385
-0.860638,12.586675,4.664394,75.902704
11.017309,10.371026,5.354395,76.016634
1.790087,5.833444,0.628218,25.587747
5.010320,7.167352,0.644431,29.748344
8.217975,-0.218570,0.323997,78.112725
1.905612,7.701414,4.041241,21.374572
12.594528,9.822129,2.324036,61.243992
7.687133,11.015841,6.333901,62.946636
7.891318,11.138027,0.508495,65.416093
9.778875,4.816999,5.457583,54.196438
6.553833,5.515777,4.573449,27.399150
8.854382,8.847702,1.182411,24.978105
11.639109,12.106200,0.274045,54.528147
0.866647,4.822791,1.677973,23.809135
5.638100,12.767606,11.509591,53.555357
3.636675,4.361547,2.108635,48.089405
5.293460,2.412853,8.197138,29.067868
3.446587,9.201799,7.548275,23.500797
12.087523,5.770902,11.685840,50.836589
5.621449,-0.014557,3.159193,48.460410
6.718292,5.193817,1.467275,34.806507
5.931716,1.260987,3.109607,68.709794
12.478699,4.353372,3.868763,35.359802
4.024218,3.782597,6.166923,51.558081
5.976099,10.359527,9.984174,40.118054
12.146626,1.639634,9.120218,22.264639
2.029366,4.017943,4.643154,33.760962
3.256329,12.876949,6.440044,37.784539
11.528838,10.145578,11.399642,33.014634
9.294072,3.278204,2.067957,35.945349
5.332370,-0.009155,7.466749,27.245798
1.647824,6.537523,0.712168,25.097431
5.087270,9.750602,2.534115,61.578474
6.829596,11.814868,11.808604,32.084280
8.656156,10.589253,5.043460,77.028403
5.469713,10.264081,9.171057,62.617877
1.639836,8.136784,12.424423,66.621494
2.539146,1.543254,10.947745,32.757565
4.927757,0.156186,9.676459,23.917872
5.296230,0.364148,7.053495,50.031088
8.603592,0.891256,4.471805,22.111410
1.483515,9.336375,0.366734,70.804836
10.826376,3.388567,11.583595,55.104454
10.118471,0.849327,3.950342,48.145368
7.097805,7.256987,12.500066,61.415583
3.178458,6.240785,7.902123,58.288615
10.882087,9.888018,10.892119,66.741963
5.742653,10.346212,1.448954,63.270744
10.755580,2.814498,0.567914,42.345546
6.754139,10.856360,12.227980,37.304334
11.852451,4.647800,1.624542,67.836591
10.417049,1.231739,2.370079,38.022842
12.088096,10.945848,9.463671,53.104524
2.750224,9.304914,10.507298,56.191035
10.237680,9.724678,11.244558,52.137887
5.472319,6.365759,1.854477,75.290974
12.860537,1.291842,9.518744,45.700204
10.024575,4.849773,7.293845,47.479010
6.941353,4.692569,8.329535,41.877131
7.351856,5.347127,1.337624,75.465910
2.287684,9.415627,11.708716,24.045063
11.296949,7.098602,10.748819,64.040530
5.213786,0.582878,10.243642,42.523197
11.515034,2.785919,6.609132,38.801574
4.422636,8.679464,5.790366,53.938514
7.988178,8.182915,5.055691,40.054758
0.130464,1.935689,11.772784,58.997349
10.036771,3.135257,6.348687,78.633110
11.369338,3.712915,12.343720,79.390298
6.712532,4.846444,4.758543,40.430419
6.492732,9.557570,12.221021,23.856882
3.791086,11.100406,10.380858,34.244455
6.462097,3.686746,11.214147,57.790077
10.753907,0.480954,7.810338,39.996526
6.124603,10.895794,7.276157,57.491055
7.967197,7.894804,12.435363,66.940486
9.097600,5.751684,11.905260,37.289830
9.793250,3.410108,9.767505,38.766842
9.796858,5.372944,8.395763,56.026612
2.941391,8.728317,12.180118,63.073247
4.410045,2.068714,2.046799,40.994240
11.643008,3.130367,1.938032,27.560748
11.148118,11.518217,5.182752,38.795498
3.385324,7.356114,0.496318,34.649704
4.687781,12.107151,10.145637,20.311076
1.677917,1.083192,10.170183,72.743847
1.621583,8.020471,10.912071,58.316984
2.581787,2.930595,0.892865,73.163700
10.425424,-0.054731,12.064371,21.191113
1.320803,2.926841,1.875749,73.467379
8.192732,5.578205,1.459347,23.517432
6.826715,9.209100,9.559174,49.516099
4.485531,12.237934,7.025212,50.466661
11.384160,4.111522,5.658125,23.017404
5.872081,0.911912,10.755600,40.877472
6.646723,11.473307,10.471263,54.537543
9.428331,5.530587,11.930890,50.749669
11.422403,6.305866,4.963798,73.898194
1.043036,6.409040,0.821709,68.273395
6.125267,4.007696,8.489900,57.115183
2.484489,2.427909,7.881067,25.314526
13.146182,9.709150,11.418487,53.287796
4.885128,2.584402,12.316083,53.676544
10.664302,9.997362,4.729518,72.057300
6.158275,6.688983,12.308236,63.757654
6.916199,3.443133,4.587076,66.984999
3.819042,3.566066,8.556208,36.813255
8.845520,7.935463,3.242337,26.427334
1.783356,7.159811,8.422786,52.841026
9.436790,4.795041,11.460941,43.267262
10.846604,11.900765,11.077832,44.171804
8.980844,10.807356,12.242119,69.200674
9.071406,7.797532,0.138599,74.064835
3.593768,9.207719,12.036190,53.198599
5.309952,1.065620,10.156579,54.735389
1.939328,8.655988,10.717331,20.083230
5.949529,2.028206,10.041812,47.725259
11.052492,5.152195,11.734963,40.150753
9.621776,8.678305,9.867198,65.663535
10.751100,3.173450,11.625919,75.035238
9.959644,7.791003,0.152671,45.773929
7.738603,10.831270,0.581519,37.858451
6.956093,1.228646,8.346265,44.911755
4.865459,10.514659,8.447873,58.882903
-0.325123,11.814156,8.322876,25.125611
2.043754,0.592427,7.581016,62.287244
5.598072,4.429484,-0.016875,28.676530
3.607526,6.850478,9.938001,32.698272
7.923905,1.792423,3.338271,54.378929
7.245219,1.908274,5.010615,44.764382
0.738684,6.782900,3.178023,27.819331
1.945680,8.416683,4.166923,79.255556
3.598238,3.267513,-0.010360,42.492147
7.378354,9.540907,12.288222,48.320378
3.233400,8.064782,0.050024,26.057012
4.716964,9.854826,9.696104,67.998788
11.745471,0.470295,2.703764,74.277455
5.588497,6.046374,11.978497,58.788615
7.473637,13.420939,3.911359,34.858630
12.708980,11.031748,4.752269,23.152505
7.248684,10.776396,8.633870,59.750903
4.414298,0.281766,0.410151,56.116342
0.743150,5.696204,0.849966,34.656825
11.896767,7.030635,2.176776,44.947171
1.007154,11.622732,4.445371,20.148332
4.559886,0.183084,9.880239,44.382551
0.582928,3.860311,1.019971,58.524697
6.553233,0.651041,-0.146928,24.792400
5.056487,1.300231,7.029891,66.564768
9.719502,1.646547,8.776048,58.847681
10.114247,3.429436,9.512272,57.711457
-0.090146,10.269975,8.121852,32.015248
10.927332,11.378259,11.226139,49.653799
9.845561,4.630689,5.912734,59.550502
9.715249,9.050888,9.469092,23.829669
6.418485,10.397166,5.549945,56.619374
6.873931,5.868566,1.540864,41.288823
4.302109,11.946332,7.474837,64.130490
11.922405,12.123420,7.793283,58.284393
2.592098,3.407447,0.102739,46.376101
7.466990,11.344664,12.036303,74.279765
8.632266,7.828606,8.440457,37.801544
4.994717,3.040444,9.226020,48.180953
10.461568,0.184652,8.172868,69.654960
1.415220,11.882173,8.829736,64.756207
8.638281,-0.208149,3.774305,60.436542
2.785132,3.388608,0.228763,77.284670
2.298495,2.721119,1.371016,44.091632
11.450765,3.478823,9.454765,22.388496
3.515063,0.682829,3.717782,45.960284
0.707546,12.739526,0.257944,55.671923
10.023071,4.253961,0.906403,70.898046
9.874094,11.102938,11.059949,78.735158
4.174944,4.810662,0.890205,53.559063
1.225823,3.382244,4.991817,61.063224
0.614272,0.651306,6.590698,29.345744
10.916625,10.707445,5.048529,49.660760
1.645881,0.945065,4.993044,53.353470
10.350275,8.540095,9.546812,53.035625
8.911730,9.774625,9.866888,33.165066
1.213789,10.789331,0.953700,79.455867
1.142493,1.228632,9.636558,65.855274
9.793209,4.060381,5.860684,47.754577
9.087040,1.056119,12.604905,50.662954
11.289548,5.600901,0.001553,74.823731
5.455253,0.099526,9.966522,32.789015
3.334659,7.966025,0.756827,60.667640
1.960448,2.364932,6.161486,63.825938
7.361640,5.570734,7.918527,52.108372
0.576516,2.837826,11.989399,23.471915
9.495533,10.389765,4.465407,68.220857
9.527285,9.909509,9.346493,43.089405
10.228444,4.403627,9.632085,38.908447
7.642823,8.688147,8.106181,49.040674
5.112267,9.141324,1.019611,32.778713
-0.290157,11.205082,11.531965,29.951521
10.888155,10.776180,5.211411,71.116509
10.767884,1.606613,9.614499,65.615012
6.446995,-0.018241,1.468935,67.691244
11.930387,3.447129,2.061799,61.258242
10.244545,11.304182,5.142123,78.053903
4.951233,1.401332,3.467776,56.372922
2.844098,1.185691,-0.101945,33.191017
7.586900,2.281520,11.770109,65.423525
12.990589,1.402665,10.503628,48.535325
9.777393,3.979109,5.672276,77.645519
4.992131,3.643842,8.370239,53.670486
11.054244,2.069254,0.654117,26.760828
6.147624,2.962701,1.279211,59.763993
7.973829,8.082712,9.487903,78.898495
5.440246,10.807849,3.238256,44.641769
9.790414,4.878297,6.048579,35.774485
12.037790,12.769232,4.866077,68.256275
4.597354,4.201620,8.393524,60.417256
9.448258,3.832968,5.851947,42.982549
2.174895,12.094577,7.710490,61.433315
3.695479,6.409995,12.637764,32.620370
5.716311,-0.071774,10.114363,50.891307
3.766553,12.461147,3.798887,74.149717
2.957097,2.384475,7.408352,33.041126
4.839709,-0.399835,9.556951,52.186172
0.655290,3.175596,5.395229,24.626128
7.716536,0.834954,0.503463,40.739218
9.241924,0.692971,4.700971,68.943411
5.304443,4.731897,3.780432,51.037978
11.267935,5.301648,1.600394,65.682426
7.015534,6.521373,7.000903,61.739349
6.545350,8.678407,0.875539,28.582447
5.724109,11.122427,3.420195,20.056009
5.994772,5.856646,11.580334,38.211713
3.300569,6.847609,5.927172,33.047742
0.513338,6.012951,8.435919,79.241676
3.352385,8.244892,2.610157,26.000774
5.888337,0.306610,11.132637,68.616298
11.474853,7.468808,2.130451,65.589389
1.704916,6.965176,11.607028,48.181732
11.160713,3.451202,11.512236,72.904240
7.467907,0.517637,6.645889,53.370504
11.179547,5.805277,2.804897,46.756205
11.689591,7.611528,1.994955,24.996592
12.584620,3.559031,10.935832,35.467263
9.177142,11.625523,2.567531,32.327404
9.586932,4.749147,0.930874,52.680641
7.156480,9.530878,8.409709,64.008470
11.740872,12.866034,3.645303,65.101206
6.235728,4.563554,6.841299,52.251952
11.525477,0.097411,2.155362,70.840283
2.824188,10.002452,6.231431,24.187675
3.855334,6.509724,8.104199,69.847549
12.707342,2.405867,3.535855,28.254676
2.561545,10.380937,7.683079,73.244999
2.818592,2.839155,2.074079,29.634795
1.355402,7.468666,0.898307,23.910046
8.622575,0.994611,0.026535,24.028724
7.167451,10.853013,12.408170,28.564107
1.359287,0.921981,6.744208,68.532429
11.798705,11.022365,5.202753,44.401919
6.641371,9.178026,11.832623,54.416970
1.592814,3.242318,1.871104,73.047565
0.920731,4.992683,8.013452,66.665210
7.604057,5.363109,5.061459,67.770143
12.521700,8.743800,7.812468,28.698246
-0.046623,11.258424,1.389357,67.963984
10.121040,5.233117,5.260451,78.370805
3.670251,7.771613,7.660510,60.034589
12.027058,5.834396,8.850000,68.726619
8.490727,10.372163,0.498176,75.259111
6.868696,8.024013,12.355443,35.065338
7.492563,8.012398,6.342832,51.655948
3.772800,7.437092,7.919025,56.657854
1.104603,0.341769,2.513534,68.755918
4.877329,4.957165,3.497443,79.136445
-0.041859,10.672386,11.915641,42.312468
2.397641,13.323743,0.903059,60.310700
10.496255,10.797463,5.472776,50.845239
11.768927,2.841393,12.488046,61.003342
1.758591,7.279330,2.877659,30.809082
3.763333,7.191572,8.146842,67.255269
2.764136,9.333926,9.762393,40.953368
3.256692,0.154477,6.644637,35.908982
3.625127,6.756284,7.935119,25.360024
3.977843,7.417269,4.108318,60.499146
5.432494,7.400171,11.888469,38.492154
7.143826,11.191060,12.100918,23.216028
12.221404,3.502371,5.734913,57.898529
4.251174,11.769092,0.111645,73.938148
0.772471,2.607314,8.888702,29.869177
11.220343,-0.490409,5.860217,23.794266
3.466659,9.732161,1.891061,39.819493
1.691074,3.234231,1.608907,43.672329
3.206868,11.854676,6.905256,38.708577
5.801185,4.283945,5.214966,32.205010
4.621751,11.141737,2.684487,71.051272
3.699477,9.123097,10.658368,23.719005
1.756701,10.801765,5.164726,45.502423
11.130625,8.608931,1.976800,46.428859
8.970545,5.057046,8.618679,56.786943
9.245240,6.718425,4.025545,22.261302
3.809289,5.616113,10.878026,29.364429
5.099601,11.043851,0.781096,71.648788
1.789681,1.708284,7.763608,66.246726
5.272507,6.779478,3.727641,68.326998
1.776971,7.383511,5.763450,72.287162
3.962380,8.078548,7.896266,32.368784
2.356918,8.121082,7.095865,24.344025
9.293206,1.260651,1.686993,30.305541
6.640483,12.026855,2.153302,39.129521
12.060898,2.718744,2.078207,45.159812
10.446362,8.228016,10.145405,30.468428
3.433369,1.245539,10.451010,30.145963
2.203816,8.705570,12.782456,25.372691
7.655986,12.105275,3.252705,57.872648
7.858986,12.294953,2.696263,25.528386
12.470813,9.491529,4.153003,24.221863
1.116188,0.742754,10.160335,42.338883
0.524026,1.974942,-0.017064,27.804546
11.593399,3.784132,2.719351,34.693696
12.254742,10.591538,1.083271,74.928752
9.544917,3.056429,10.139018,33.415320
8.929328,7.807351,2.184695,46.832770
6.985693,4.189987,5.579679,27.824792
9.979821,2.076537,8.292940,36.389822
10.931768,2.788058,5.099947,31.432369
0.899097,12.568734,12.066346,29.676404
10.882027,8.567252,12.446251,47.675836
4.263616,4.442870,10.186697,61.151781
0.636835,9.573494,7.116670,55.080514
5.687595,0.608641,2.843328,42.274326
3.926604,7.883419,8.007501,44.778805
9.736311,5.014482,5.490731,48.536842
10.620114,8.516836,1.727277,73.198135
3.255576,12.433462,10.084074,39.572031
6.049455,5.775867,10.475451,20.064687
10.002599,4.005178,12.363454,60.981085
9.395391,3.864719,1.048028,77.275823
2.018695,8.620398,11.495450,53.244097
7.638136,1.445440,9.129421,56.531714
10.766136,5.619550,12.422663,35.446963
2.560548,6.965964,8.217002,20.447012
12.274534,7.251674,4.181281,32.542937
13.555205,11.594603,10.792030,32.614668
5.624709,7.986899,2.285395,62.257383
4.561262,6.340113,2.031945,72.889939
9.661392,7.118832,2.543939,38.060492
10.328432,8.371595,9.678067,64.226186
11.429173,10.592401,11.604077,76.007065
10.047925,9.923385,0.441908,22.833727
6.892429,0.627835,5.146330,78.590107
4.157749,11.935980,10.494501,40.089497
6.263556,6.888206,3.701002,57.103891
0.722678,0.593184,1.614720,51.209258
5.013778,11.461576,6.167556,38.686346
11.738334,9.675823,11.559448,55.824171
4.591281,4.654851,8.085001,62.132339
3.876072,8.932783,6.505850,34.553815
6.278843,0.243212,7.286754,40.910937
11.531177,8.701591,0.496988,34.460797
3.009165,4.402312,4.194443,36.186935
-0.406134,1.387580,5.415296,50.646119
9.510512,3.109236,5.030846,36.239470
11.343070,2.302772,1.030579,53.948846
9.825085,6.464445,1.774785,38.319914
10.562526,10.830310,7.571713,74.337298
12.703387,7.646219,10.098603,72.258890
0.122454,0.920990,6.433100,41.904284
5.241774,8.539027,10.618089,52.301427
3.958328,8.442635,11.465896,45.153348
10.668048,9.072707,0.968777,54.309082
4.890667,0.417788,9.729360,60.548674
5.691730,6.969355,9.444791,23.976156
0.096575,0.415918,4.236597,65.233885
12.287155,7.579812,1.932835,38.323177
7.494845,4.642135,10.233225,32.606124
1.261004,12.294708,2.735728,37.752353
9.503462,7.114585,10.046215,79.151459
11.896695,6.159222,8.552275,72.446752
6.167171,0.871757,8.838927,77.508788
9.812370,9.195704,5.548663,69.349972
6.872922,2.003169,8.263273,31.316260
2.867566,11.663254,7.442776,43.450388
7.790814,11.835648,12.124281,36.881042
12.274145,5.185728,-0.017164,73.122892
4.970960,6.581989,0.652886,65.842169
3.137175,2.288249,2.734986,77.499867
5.602177,7.942266,12.191115,69.911438
6.112312,6.274781,6.760955,39.695079
0.996975,2.881043,1.005789,27.415480
10.175533,4.325362,5.560455,21.748704
2.633400,2.923450,4.183007,23.985259
4.296767,3.893961,11.628146,39.235736
7.368856,11.126305,12.355676,59.049771
5.862440,5.675649,11.402769,62.873107
1.197132,8.152002,4.862108,44.862201
12.813216,8.815719,2.226131,58.606696
3.236462,6.483263,8.117197,32.036833
6.210340,10.743352,9.923808,78.105140
9.517034,11.266750,11.260075,45.212315
7.231096,1.349543,0.162581,57.324164
2.950161,13.440356,12.235373,31.451388
6.062464,4.811465,10.041199,51.220367
9.981197,8.283140,1.444477,46.129475
-0.249634,6.486630,11.413420,50.920429
11.741212,6.443165,6.933753,70.811227
7.052462,10.507296,12.058427,76.788808
5.908189,1.034078,6.133510,31.609625
9.283016,4.150158,2.308489,25.990679
6.656583,7.446600,8.691612,36.168108
11.424468,5.557118,6.989682,52.840581
12.159916,6.260605,9.169497,35.082954
10.634610,6.162443,10.701679,57.725296
7.016419,11.294200,12.208876,50.560885
11.240234,6.454899,8.878756,75.011481
9.761233,4.433162,5.555764,44.619706
3.577580,12.280788,4.135645,46.219037
5.430989,3.734777,5.455392,72.388097
1.265562,1.322744,11.948061,67.643807
2.038982,9.955966,3.548293,71.288640
12.458596,12.443255,5.136470,52.250502
2.148599,9.588696,9.112609,32.639309
12.503551,-0.158223,1.162090,23.204657
9.812155,6.715051,8.575441,72.628715
3.920174,12.072255,3.579747,66.428993
5.899312,9.327659,6.194374,43.195378
8.476926,1.409402,11.204719,28.254774
1.780500,10.870168,10.361483,40.076620
7.170731,1.629483,9.557238,28.798603
12.381791,1.736217,9.350554,68.081315
11.830864,3.391740,10.457943,79.693744
11.793080,10.850221,11.574594,42.698068
5.926894,7.826790,2.337809,73.120364
12.043294,2.463163,7.100276,30.118252
11.199632,10.403047,4.426948,53.037194
6.982743,10.781697,8.780302,28.063964
0.045665,10.401282,4.785481,69.473810
12.536049,11.097314,0.920210,61.582370
10.207123,11.900471,3.528523,43.080399
3.813897,4.749961,4.994499,37.214933
9.117794,8.478833,11.447073,54.884529
3.786686,6.517188,4.835950,32.129206
4.920173,4.826043,10.078745,76.154560
2.874705,7.486521,4.693076,22.190490
3.472412,-0.216922,10.050068,74.281514
8.872369,0.287787,10.055703,40.051323
5.378091,1.098393,1.158055,70.102602
4.500456,12.629070,4.213323,38.889694
7.018201,4.853727,6.345397,54.118487
11.516938,10.584718,11.543649,67.896005
5.742716,3.251927,8.351045,47.916959
8.235286,1.255054,10.977348,35.401740
8.642694,8.300907,3.825745,56.002560
2.923057,8.016289,7.996990,20.213260
7.477391,4.648814,7.673485,51.989595
0.999505,-0.334151,6.810425,58.168853
7.786821,12.972436,6.106018,60.276611
9.700460,0.506634,9.892120,20.832509
5.822691,3.648847,11.795716,38.427570
4.579758,-0.360961,9.986090,25.970735
10.259985,4.868049,5.123340,50.468873
7.901203,4.037557,11.754413,54.654133
12.683890,10.262224,9.465146,40.805556
3.622423,8.255869,0.425588,27.058822
11.415483,9.670293,5.595540,61.631905
1.829524,6.197396,4.335717,31.720621
6.266817,11.352216,3.849762,30.010801
3.388440,5.188411,2.552493,24.500100
8.934704,3.789488,5.765950,79.530218
12.371783,1.961868,1.190016,33.172997
6.213354,5.702143,10.142121,70.796225
9.166500,0.222599,7.507012,28.934002
11.603375,1.206892,0.780458,52.678304
10.852599,5.237313,4.561309,47.686281
10.157704,10.898159,5.124647,61.067275
4.255520,2.162887,1.559454,76.818428
11.735287,2.565536,12.307135,33.425840
9.956343,4.970600,5.788880,26.468932
10.805562,10.673715,11.515546,27.579488
-0.877959,7.948460,3.992355,34.355669
11.563301,6.978452,1.983591,74.454837
9.854577,7.615252,1.741110,72.014505
10.657419,6.550298,3.735415,34.058178
1.548582,2.959997,12.425559,22.482469
12.441676,11.841595,5.531764,54.684059
13.143575,2.323890,8.136552,22.748767
12.762707,10.975310,5.859038,62.943495
5.197692,1.712412,10.190297,73.153921
9.552551,8.765662,1.786951,60.651333
5.042673,8.592271,8.994706,72.893590
12.489836,-0.385177,3.342196,63.116691
2.607752,4.574254,6.882638,21.794399
11.538384,9.664179,3.639991,62.338313
2.001640,12.218916,3.288059,22.074330
7.040781,5.954732,2.428741,48.744447
5.750040,6.811636,8.780881,24.690746
1.650827,12.139743,2.954545,54.944911
1.515331,4.920417,0.964940,67.293580
8.172624,10.744539,0.382857,23.245509
7.284521,11.280661,12.200307,63.785773
10.538642,11.399554,11.209522,32.584019
2.432243,12.624199,12.573753,36.758573
4.197616,12.569348,5.871277,44.745466
5.067930,0.229988,9.670630,42.338019
2.104440,9.490645,3.809369,26.588205
0.433553,9.039529,5.609968,26.315481
4.838340,0.324195,9.855864,51.821207
5.516275,6.295315,0.502219,55.508121
11.026088,1.528317,2.320434,58.900410
3.942321,1.657844,6.399899,27.810268
-0.175075,0.629966,7.901248,66.316923
0.568853,3.493133,7.147923,48.837005
2.546663,1.497454,0.391927,26.261657
0.885518,7.499610,6.307134,48.728384
11.577544,8.643181,1.882022,78.045017
11.257617,3.988339,3.303269,70.947671
6.629066,5.488540,11.195999,57.384990
1.534536,1.426580,12.480246,72.026967
6.609959,11.778091,6.643901,37.024625
10.285495,4.370741,9.567062,36.901703
10.713718,5.998708,12.045200,21.656851
7.478285,10.736972,1.609448,23.066981
6.242160,4.086543,8.120317,42.639697
0.066996,3.996588,9.955649,31.644309
8.081169,11.422220,12.070869,65.472221
9.625913,11.638886,12.335168,59.549133
1.203042,2.778929,3.928356,49.696814
11.614872,1.035357,4.685904,68.593864
6.404398,10.783197,8.995355,42.176370
7.090445,7.518373,4.025113,53.289409
7.435331,3.797834,5.455303,74.289353
1.695987,6.251037,5.872631,59.397256
5.978489,9.766141,5.651416,45.607365
8.893152,10.888655,12.596201,56.517289
9.785306,8.230137,8.200868,70.319228
7.031016,12.707088,6.153401,70.717608
5.102089,0.176442,9.809858,58.690992
12.740600,6.466008,6.150098,46.317197
4.251586,3.492494,11.795825,70.621430
8.784782,5.260614,10.014025,56.151903
12.458284,-1.089068,8.290672,25.575712
3.384221,7.223664,8.376787,44.874110
9.504010,9.007477,2.997800,21.409347
3.157601,7.249777,5.317257,49.996630
3.692476,7.210702,8.089771,40.072947
0.880012,6.479600,6.482672,72.962614
9.989314,10.951354,4.683096,29.008035
6.344306,3.184696,11.983650,43.661070
11.598514,4.036141,8.626427,65.897942
3.783625,10.727289,12.103040,55.750656
11.710346,10.251946,2.110890,37.787952
-0.009689,7.127681,7.546845,71.339639
4.605873,12.506110,1.839600,38.752694
4.526379,6.680257,3.234688,20.462364
5.384759,10.780660,11.191134,41.514806
3.165244,12.794941,1.617357,76.332712
6.600346,4.362720,2.061625,39.394782
10.839909,10.374410,5.032151,67.732068
11.272735,5.143823,1.133234,63.462633
10.095956,4.103562,5.741811,20.772346
2.244471,11.218216,12.530459,69.717238
11.138346,10.320300,10.906175,41.409060
5.575306,4.147741,10.197578,42.743314
12.110070,10.787128,11.447706,44.297457
1.575184,2.821178,0.971913,50.213515
5.674340,3.832659,8.216274,40.943750
11.157568,7.738760,9.099114,50.322718
10.165603,12.050523,5.549796,31.569757
1.861941,8.108284,8.371184,21.302269
7.613269,1.382135,1.855050,62.236688
7.551803,7.745231,12.588649,61.972014
0.465425,10.897508,2.087395,45.006956
2.367792,9.787347,6.135569,58.498695
10.431926,0.775761,6.394818,76.535134
2.293875,4.474899,8.246077,36.069454
4.856977,2.340191,9.947599,69.690623
3.160942,6.551645,8.256670,40.555966
8.488095,5.610291,7.540983,73.519470
11.666856,3.476927,8.622036,52.253387
6.950447,9.284558,11.087571,54.865422
3.011619,6.281094,7.447191,72.815110
6.244891,11.106867,3.444292,53.284544
2.835664,8.540396,6.998948,31.179429
6.852721,4.675259,8.140143,65.180362
0.075272,8.050810,2.983989,65.052533
3.294568,7.476290,8.707292,77.034906
6.707975,10.276196,10.612433,76.225910
0.771853,8.509298,8.708050,35.640043
4.347791,6.747039,10.163140,36.374369
8.743988,1.505614,10.434712,56.401484
5.656116,4.605510,0.849686,58.588744
8.037969,8.447364,10.864451,76.610636
9.501205,5.209675,3.954085,43.903101
2.832235,6.781017,5.128895,27.660131
8.469705,6.626570,6.353530,22.146543
2.028303,0.733011,0.735981,33.303220
5.828085,9.033774,3.924540,76.058772
0.317602,9.656415,6.559424,69.437935
10.285643,6.359105,7.305065,46.733563
-0.406214,0.946661,7.559052,46.603765
4.403613,0.822467,10.003862,59.125167
2.145043,5.868018,0.732787,76.964603
11.758076,4.253061,11.400739,30.682658
9.531152,5.260550,4.618417,67.292153
0.162977,0.865249,3.728697,32.061788
5.605188,10.175561,1.710713,73.430916
11.019646,10.669250,5.140277,70.787139
9.749402,2.729297,12.352795,59.171141
9.060202,2.766440,1.068698,24.971389
5.580078,12.621647,2.760472,34.133067
10.573848,10.546179,5.000663,62.173088
8.734051,10.814963,9.086258,61.503377
9.371071,3.231035,3.181482,70.748145
1.592823,12.106478,6.641239,65.840349
5.595376,0.453968,0.269771,63.952661
2.829467,0.115424,9.496776,68.991621
1.880118,5.726485,4.343048,71.472225
0.344890,6.707013,7.478272,21.518280
4.475055,11.997476,12.191751,23.137054
7.873785,5.103879,3.874226,21.419423
5.080889,0.391606,9.848829,23.358485
4.756833,10.403416,6.419531,78.200165
5.135846,4.921091,8.157055,56.974389
1.066630,2.741696,6.195287,29.674434
6.245784,12.326124,4.115553,33.442440
4.653171,3.926556,8.416160,41.437644
4.921340,2.692884,5.619335,20.079809
7.683263,3.856150,0.091573,79.156460
9.970113,9.783534,5.911095,21.813659
4.090491,-0.052489,0.667396,67.104652
3.032450,0.258099,2.708364,66.694486
3.880290,10.844178,1.496101,62.025767
4.907117,10.409716,3.959184,22.100760
11.223062,8.971083,12.747115,43.424645
9.846765,1.946443,7.232350,49.404504
3.117384,6.439438,8.057032,42.821395
1.944355,3.942083,1.844531,50.926200
9.020233,4.203305,10.458778,62.375380
3.110357,7.994074,12.522165,22.463671
5.098700,2.996893,8.318337,75.432101
2.103077,3.642868,2.428050,20.274241
2.197284,5.565024,3.873314,72.250004
10.908516,4.484687,5.105232,43.208115
12.357414,-0.075075,0.734124,33.907428
2.161536,1.545534,8.750978,71.429897
8.731979,1.266403,3.077717,54.608007
-0.262088,12.626333,3.992522,51.972483
13.428541,2.567340,12.679028,42.284931
7.081587,6.612373,4.030551,71.930911
1.866931,1.766391,1.126652,63.157152
5.031825,13.294490,3.215597,64.312296
9.325713,6.733855,10.637222,70.591473
6.795602,5.221359,5.751750,43.562640
10.857127,11.363412,11.284801,58.106329
6.645412,7.782601,2.355863,58.492111
0.539472,5.217132,10.785098,35.831862
12.858805,1.875696,6.564161,38.769348
3.093260,7.238393,2.245451,79.347731
12.630293,8.771929,2.603238,46.250157
7.691813,6.685948,4.883661,31.018802
5.021972,3.967588,8.295298,33.885680
7.523729,12.661571,1.849165,30.676762
3.306247,4.815968,8.736043,58.619012
4.219083,4.061282,8.288151,20.892671
8.280234,12.756726,10.368172,59.987042
11.196512,12.962173,2.590472,73.601304
0.805628,8.722948,12.816261,43.592936
3.596189,1.023719,7.744130,41.019704
11.495113,10.049380,0.710096,62.026351
10.741441,10.461744,4.735463,25.891768
12.192395,13.268229,8.613607,26.569766
1.368117,6.265676,0.436181,79.751321
12.274313,7.481513,5.662658,66.118291
0.992666,3.646971,0.992545,26.485021
9.467148,6.490207,4.933933,58.845362
2.875123,4.565313,10.279076,28.516418
6.639024,2.469159,8.928114,69.278851
6.511840,10.799773,11.398676,57.267702
1.998863,1.172282,1.235376,35.663954
12.164172,5.142815,7.521042,69.516235
9.080468,8.639464,7.932918,74.693916
6.198846,7.620287,5.595735,75.024689
11.715317,5.663121,7.438823,64.706348
2.155833,2.641718,0.116174,21.862836
6.568625,3.193298,12.783402,45.224367
4.630025,11.959134,10.764854,36.993913
8.305733,-0.039376,1.192834,35.151740
2.731165,12.115486,0.451473,74.967569
11.181649,0.097933,0.865164,60.684233
1.443848,3.811482,4.101949,73.745598
2.808441,7.254122,0.874673,40.280296
9.526071,6.651002,9.447972,54.925961
10.456649,10.522003,5.109620,61.023288
2.893387,5.431539,5.452832,37.501060
5.160225,10.710707,3.030373,59.181254
5.193661,9.871312,5.882937,33.961226
3.570256,4.242258,0.402165,29.203447
9.441019,11.853105,1.835409,53.546286
10.174866,3.742560,5.479008,44.746385
0.924804,7.347796,10.472672,40.380958
12.213997,8.251256,2.029833,20.007186
6.850955,3.284341,7.757894,24.985906
9.327834,7.188618,0.841681,62.306445
8.226170,7.641913,4.093931,66.405503
6.876940,1.248124,9.974348,46.820110
5.110595,4.650606,2.925839,51.091240
4.485871,-0.349839,9.762762,62.273382
1.054443,8.644372,1.134426,76.919205
11.605887,3.480365,8.224669,20.342548
3.960549,1.602835,12.718928,28.193593
8.940170,9.416085,11.354689,57.797420
5.775470,11.081946,0.912754,40.799412
9.197874,11.699187,4.645163,45.940696
4.013669,5.976246,1.742931,30.045747
-0.370316,2.550009,2.191393,36.236823
10.803317,3.048213,3.878439,65.552699
3.571742,6.361803,8.601789,73.645628
11.073762,5.347385,0.244753,31.147798
7.785827,10.770943,12.379800,60.103695
5.674913,5.900075,3.889378,73.351701
7.101238,11.287807,4.346023,67.922579
6.239153,12.384794,9.038450,22.403315
4.675624,4.940248,6.949803,41.648965
8.973688,11.369498,7.467779,60.662154
11.806360,4.364379,2.507000,74.729479
5.683775,2.131943,5.107018,48.267884
5.309969,7.316957,12.408027,77.949956
4.669006,4.632175,8.370888,22.679600
11.424995,4.303798,8.697108,64.253657
5.923981,2.390347,0.378162,56.374931
-0.070283,7.536732,9.141556,63.349013
1.061316,8.271593,4.615177,28.414893
10.759095,4.477373,5.753413,35.678714
-0.271486,4.089948,2.533426,62.986903
3.487696,6.948722,8.036561,58.156296
8.609972,7.630299,9.166771,65.481614
-0.289588,9.571155,0.928424,65.972149
9.158740,7.133104,9.788659,61.712541
4.219902,1.584240,4.068413,22.109267
8.968774,4.628697,9.880188,20.100811
8.305895,-0.523487,0.616702,72.113831
3.437621,3.396164,4.985442,27.953346
9.999654,10.280985,11.085563,45.949105
3.323006,10.160162,3.064265,25.629475
5.398342,7.488972,1.818245,54.610355
11.107598,9.624166,5.858065,36.846977
12.807114,3.405386,10.464527,68.285240
0.854345,10.337688,10.865736,53.691439
3.559087,5.447490,2.266754,30.062027
12.468119,7.696251,1.847600,55.674891
9.016753,4.821935,0.702698,51.708048
3.901591,1.584626,1.704696,53.588151
3.294224,11.172663,6.567183,31.909655
10.362506,3.603175,5.875157,65.319117
0.874849,3.262987,1.820396,32.834081
8.790991,10.078597,9.396711,58.933702
9.478105,4.737089,8.193827,31.991236
5.844230,6.275884,0.758973,50.873470
7.704761,2.459518,9.588258,78.495431
10.325978,4.844814,1.412563,31.317753
2.344215,7.623707,11.801049,65.725007
0.699131,4.444577,7.442319,46.029314
11.486367,0.789258,12.204560,71.903283
1.563467,6.522304,0.720471,67.366011
11.892873,10.310421,8.781785,71.307708
2.911570,9.489041,3.910648,24.067910
1.658595,6.324453,0.611134,31.659779
5.327154,4.018346,1.218257,36.039616
7.235308,5.018098,6.551002,74.203164
12.165000,3.844329,2.103093,33.482516
1.688080,8.346506,10.628613,63.350844
8.699680,10.320747,11.581394,50.350140
2.661194,5.959935,0.730512,44.455249
11.169531,8.251056,6.821085,47.077899
0.906165,9.160622,7.720459,76.384188
10.716988,11.441070,4.891745,40.076754
5.768824,3.777478,7.921719,35.090318
9.693109,6.349587,0.954130,64.605998
1.552055,4.177050,2.051820,24.373808
9.840213,9.389105,0.311571,51.336333
7.810727,7.626797,6.146825,43.457019
1.878309,8.206749,1.875139,41.302434
5.709194,10.941777,6.497803,44.853038
4.916107,0.823102,7.667117,31.270847
5.987356,3.911654,11.160678,70.107047
10.250756,4.576793,5.637583,28.492676
7.050177,9.762113,6.473276,42.965266
6.637488,2.614057,11.317225,79.380377
11.121452,13.100371,1.922021,64.770770
9.119372,9.004452,7.397177,70.607288
5.717306,12.456097,4.889145,28.601120
7.932358,11.223917,12.564789,48.247948
11.075960,10.277149,11.422396,62.354889
4.855349,11.835814,12.848711,40.723021
8.116452,5.757373,12.164458,67.588221
8.778832,1.212978,7.186522,77.739526
6.802772,10.512373,1.922561,42.011349
4.078283,8.500321,0.460002,52.736254
2.409231,6.533442,0.584682,51.746775
11.415487,10.803081,4.764991,58.793723
4.038410,12.206099,6.823434,77.043343
9.991656,5.369796,5.061006,28.070081
10.650911,10.726457,11.228823,64.712221
5.797331,5.751909,5.559413,77.323689
8.245203,7.533646,8.153944,26.679720
8.417963,9.498959,10.337263,70.982741
2.541787,-0.042588,2.623074,46.329070
11.236569,10.478438,9.870861,23.517249
7.876413,12.706016,7.695636,42.017284
5.376474,3.335856,8.272839,27.855223
10.801787,10.857191,11.054319,34.453143
5.953350,12.541416,9.706771,26.260685
11.730865,11.347848,11.075744,45.505320
4.694000,1.665972,4.295361,63.559970
5.230844,10.090289,12.316465,63.919295
1.914631,6.701018,0.638776,44.335617
0.591010,8.805059,10.704580,51.683149
10.316087,11.205140,10.806864,33.063363
10.894539,3.960208,1.451493,27.494992
6.968735,9.819411,12.404947,48.792762
10.875861,1.448230,10.723684,27.062427
8.148198,0.395557,2.105912,26.548679
9.592510,2.027823,5.361756,68.116413
10.625014,4.067725,11.266205,25.212713
4.975038,4.667850,9.140704,74.452238
12.533495,3.984012,7.902871,36.929689
8.084113,8.343323,7.878969,26.453542
6.977899,9.385689,0.671133,27.468512
11.156814,10.223831,8.351505,32.852130
1.633653,9.396234,6.022051,52.545864
7.566046,-0.127064,9.320370,72.772994
8.740619,10.219340,10.482931,40.071727
1.838648,0.166047,4.746570,21.934013
6.157893,3.062561,4.896286,74.391617
1.483759,11.922766,9.026863,24.624355
1.558847,3.299244,4.697335,76.034459
9.493899,3.686805,12.828558,43.061096
2.860199,9.695486,11.060177,60.782534
12.552534,13.453170,5.684667,52.084774
8.611047,7.879143,1.446590,44.859464
2.154314,6.002974,12.196787,22.197148
11.228630,8.971522,7.865117,71.874775
1.165667,1.486775,8.763534,54.540851
4.306963,6.305683,3.875866,72.974108
3.316180,2.025797,1.854019,75.652417
0.566908,-0.378060,4.200804,41.020889
5.269532,7.047250,1.201544,36.206972
8.609270,1.589353,2.731140,24.818557
7.959542,8.598415,4.305230,69.343414
11.273529,7.366540,2.310324,53.493649
11.194486,3.804162,11.295406,58.934882
5.691210,5.494334,0.486797,71.766509
4.408327,10.856790,12.203715,36.252033
6.076330,0.700682,8.453398,76.215210
5.517459,10.056904,-0.044457,77.564378
13.013223,8.108293,2.147654,29.883498
7.669673,1.517210,0.298604,21.912313
11.795434,6.331959,6.196279,32.334484
6.822901,11.188723,12.201690,27.652834
8.509154,7.911530,5.645706,34.723915
1.244360,6.643779,0.882516,40.008911
10.512671,10.161646,5.001181,27.388882
9.175819,10.935910,0.789084,44.287454
1.798289,6.975920,5.900911,73.747535
1.304401,7.887256,3.682530,27.334916
8.629376,4.361633,10.729484,24.588194
3.285608,4.058097,5.481233,73.051740
10.378039,0.015110,6.887583,51.786055
9.663168,3.491123,10.279849,61.396350
2.818116,0.399950,1.089499,62.031628
2.729813,3.058239,1.801213,56.753929
2.460825,-0.674182,5.450139,23.823398
8.243234,6.878351,12.228093,29.491147
12.758129,8.221151,2.068356,43.779951
3.085324,4.752289,4.912059,76.812926
9.875293,3.193536,5.293716,32.175906
5.451328,5.489185,8.901810,75.896515
9.686778,3.597931,12.119815,65.198605
0.567760,8.145632,11.826552,32.743651
2.034615,2.786311,1.856829,67.746592
11.591699,4.352808,8.891227,60.421451
7.373673,0.642134,6.599427,58.456952
-0.508799,2.080193,0.189314,69.217531
12.615607,11.146741,1.052070,69.383012
12.963782,3.005807,8.399945,49.121927
1.372511,10.690412,12.554678,66.730568
9.893063,0.781414,12.663275,73.495320
2.834794,9.523475,0.045338,62.145615
2.599290,5.364479,7.235231,43.137684
2.654842,11.871801,12.065222,49.034798
10.202359,9.996216,7.632326,33.692693
7.658899,10.789610,12.294841,20.567140
11.788985,7.510162,2.136528,22.427713
11.586871,4.624114,1.770150,26.117809
4.996072,0.670486,9.911914,65.426439
4.081309,5.252973,5.322425,57.380203
1.828195,5.867402,0.816233,34.539459
11.731431,8.020248,2.197924,27.176931
6.138628,2.088832,8.296405,39.398991
4.248221,9.214352,9.617070,29.904198
1.351670,11.282333,9.448413,58.687152
10.610829,5.973137,3.534102,45.458422
11.214700,9.892858,11.311355,30.280364
1.247976,12.025386,2.619956,34.150194
-0.284495,0.458441,1.448580,75.034072
13.189374,7.741805,7.826529,40.002524
4.092348,11.816307,8.726881,67.482455
1.415136,10.777638,3.749356,36.158672
0.815043,2.402175,9.349265,29.733979
2.103832,3.974105,6.816851,79.472156
0.677050,4.912967,0.289564,61.126922
12.374669,8.152809,2.089589,59.973493
7.634627,0.367420,12.027713,28.474878
11.468609,10.607231,10.736297,49.700611
10.793633,4.444192,8.625924,21.194830
11.663526,8.960974,6.213107,40.120021
11.363791,11.154654,5.160526,44.907713
0.507556,2.718074,2.454292,68.080781
0.606535,9.849270,0.593518,25.487386
7.933164,9.368975,3.494903,65.047928
0.906992,7.456822,6.482187,44.146199
3.667861,7.599411,8.125158,24.919398
2.421943,11.195950,6.955107,36.233618
10.852347,9.487911,6.766332,70.944537
2.711329,9.059588,10.640568,35.008044
2.126202,9.691372,7.686511,33.149668
2.942762,3.161662,6.551243,37.351863
10.544206,4.952079,5.281740,50.591536
10.298559,10.353828,2.144837,22.977765
8.966910,5.987419,7.133660,48.301789
8.637257,9.262928,10.557086,64.505631
2.320775,11.115010,2.098178,62.650597
1.958494,11.703385,6.484730,23.543275
3.399901,7.214974,3.210687,58.234531
11.939368,0.383245,9.153207,46.572830
4.372908,10.464502,1.398151,33.266574
10.569816,0.788226,9.001193,47.736455
11.191066,8.466033,8.870479,51.657816
6.576596,3.807884,7.471935,73.598540
10.420170,2.222351,9.202432,70.696672
12.577149,10.486283,10.736992,52.771612
5.189398,12.575103,9.254781,28.694400
4.692039,5.451492,6.866240,24.602601
9.123964,7.776686,5.509766,25.582536
12.863078,8.885186,6.764009,44.731249
4.315411,0.989004,10.026309,58.601209
2.622513,0.969355,3.401092,77.183374
11.703421,8.303460,2.270416,38.849673
9.518588,4.718301,2.202316,28.707596
5.912087,0.336083,5.122088,55.201157
4.297826,8.363230,12.728689,33.163925
9.851888,6.988980,0.006862,73.300880
1.379324,4.242825,1.945811,70.053466
3.029282,3.243886,10.761717,50.567526
3.168552,5.666062,12.301013,74.300781
3.571675,2.320354,12.028543,63.596384
4.162253,1.710516,8.451880,32.066723
2.927550,11.311184,0.544815,59.626356
5.630194,4.338616,11.679979,26.026132
5.637698,0.676295,10.699434,48.115015
10.111274,9.831273,12.541011,79.506522
11.376238,10.968853,11.065512,36.329803
8.538569,12.337270,6.006810,47.430494
12.902439,11.911328,11.636456,70.072334
1.427431,11.788462,2.289398,39.091372
8.535454,9.660870,12.437163,50.719017
4.468595,13.726128,7.893367,20.081673
4.029173,2.206442,12.058655,35.602018
4.869402,10.718645,7.689314,46.445550
3.790868,1.873367,5.270968,35.271848
8.175942,1.565668,1.844136,29.210752
9.117626,10.229791,9.756746,78.688055
12.041447,2.991693,4.120019,37.539145
10.671806,1.924712,2.589803,42.231923
4.443523,13.135906,11.035795,34.122001
7.838644,5.269270,2.193970,21.333829
5.964894,6.868803,12.148460,39.287409
11.887999,1.358481,12.199136,74.842757
0.670870,5.018024,8.905238,70.726191
7.272601,3.000721,0.439882,73.214625
10.211635,11.477192,8.678172,26.990795
3.058851,4.653517,5.193992,57.852272
9.383365,3.642300,5.423078,61.897261
4.977892,10.876809,7.134765,41.179294
2.011563,5.891540,0.642792,21.626511
9.974126,8.199515,2.462871,77.546808
9.882623,6.986020,4.904399,35.941237
8.858066,1.875627,7.440803,33.510244
5.697809,1.374400,1.174332,51.823945
2.902448,10.374999,2.160143,68.964570
1.207496,12.378283,5.740990,79.640478
10.268149,5.175153,5.744845,69.971337
10.112930,1.490042,8.882452,46.236471
7.069461,12.863641,10.984452,37.035819
3.132417,0.324361,4.600939,58.749532
10.067709,3.621460,5.840708,78.788552
1.123665,11.867684,0.362633,27.242977
7.543615,12.471329,12.081693,28.445660
9.539579,5.928489,0.327776,57.021847
0.574701,9.234632,10.186068,20.797327
10.390087,10.737306,2.369003,55.664762
10.457783,4.630976,6.017554,41.159298
2.237081,6.575594,0.636932,53.577116
11.825825,3.884227,5.342466,47.689803
11.940273,0.697851,4.333074,58.397833
11.914249,1.649423,7.640062,41.688628
1.809714,7.761507,6.545309,39.599347
4.863740,3.683006,8.384788,53.936502
9.497978,11.239215,7.090866,67.407593
9.612395,9.860475,0.101209,75.627697
0.833997,2.158965,4.620488,21.748784
2.371049,10.536303,7.558740,20.248921
4.426447,11.835609,1.624627,67.198045
4.598416,1.181825,1.923698,72.361551
3.115694,6.997314,8.285939,21.584064
5.905639,8.290839,2.335929,47.036921
11.368472,1.086417,3.310636,70.084179
5.906525,0.165577,1.113671,72.647288
3.670852,0.271706,9.673807,20.827486
10.075937,10.561000,11.382446,59.346076
8.238918,5.663752,2.525069,37.924200
4.142792,-0.314123,11.327959,42.953868
7.555094,-0.530459,1.703694,34.169332
1.021732,3.595838,7.282249,64.100089
9.421605,13.173222,3.616171,77.042441
4.224415,5.305990,6.775652,23.635704
3.861304,6.554056,10.204781,79.562399
6.601727,6.937594,12.397895,76.555644
9.552900,12.304320,3.288460,28.650794
6.119659,9.783329,4.486486,62.283930
0.952122,-0.602524,1.739912,33.288202
1.284227,1.273426,7.428938,35.194581
7.657332,0.257543,8.228944,43.687792
7.439504,7.991180,2.868547,32.301417
10.197201,10.470256,12.119948,40.638429
4.712828,0.510968,0.775499,72.841533
10.902789,11.132281,11.411497,50.620018
7.494693,10.270437,12.396939,52.341325
8.329034,1.294861,8.595944,53.059593
2.727917,4.247057,7.485132,53.636692
3.733889,7.807023,8.046293,62.489808
1.636947,2.021668,10.681903,71.694036
11.522560,12.152604,2.128730,48.160283
4.219262,3.916061,8.579919,60.128223
11.296171,5.177693,8.450190,71.943149
8.571329,5.660923,1.020026,75.507902
0.976400,8.147452,8.420023,76.884974
1.911683,2.837765,1.959971,61.195146
7.080420,2.037063,0.287836,50.812447
10.363456,10.962167,4.811360,31.554437
4.567565,11.069567,10.463617,49.720452
6.927497,10.721032,12.356404,78.427898
8.364405,9.737543,4.649665,51.097671
6.789535,12.815599,7.926512,21.524991
11.627572,8.834953,4.395968,71.400611
5.923977,12.440053,0.636437,48.405634
0.991388,13.245429,0.753784,35.580053
0.305319,5.864080,2.106706,57.286642
4.698973,3.530713,0.443778,62.202792
10.281750,7.578388,0.407945,79.573711
9.045154,0.860569,11.991167,66.457896
12.129548,8.424660,2.007382,46.721191
11.710482,10.964010,3.915200,38.268633
11.521150,11.448185,9.058999,58.059615
10.418065,4.567476,6.020349,76.008733
0.680956,11.365140,6.961807,58.382661
7.273841,5.010990,4.045266,51.736260
9.735501,5.771999,10.561910,35.196780
10.671649,7.028056,0.355192,59.397025
2.217549,7.458850,12.764899,50.573130
2.735306,0.619769,11.595538,34.849723
8.220896,8.517560,6.007150,66.928642
2.037591,3.723345,4.112310,30.339248
0.094526,11.496553,1.236383,37.758005
7.999889,11.822653,12.572818,39.727858
7.203476,6.350646,4.243270,22.860113
0.206653,5.006310,10.888849,34.046634
1.010759,2.711423,7.997802,43.784925
12.542008,9.569037,0.746287,27.897864
10.889080,4.660680,7.616510,78.854072
7.609061,1.865273,3.244096,37.220557
5.553339,4.122723,0.307555,65.702719
5.870635,4.339007,8.439684,31.794758
5.455151,5.529209,11.461817,58.663102
3.869427,7.481143,12.709597,45.919001
0.921826,11.074152,3.251870,72.714099
10.211942,6.928390,10.005450,20.943391
4.959912,8.640616,3.685843,61.788775
11.955844,6.422209,9.274460,46.671113
11.447418,4.577166,0.831201,42.355949
7.170049,8.595985,6.975688,73.548022
4.933014,0.018562,10.043270,65.596668
5.179120,4.325950,8.228069,38.221092
11.736571,13.644943,10.428679,57.365375
13.494461,3.750444,5.005302,68.387941
6.938636,8.756908,1.499719,74.621792
9.165092,3.671267,5.795592,37.341211
10.339674,9.720363,5.353533,70.468761
3.500875,4.417684,1.127809,34.144062
6.828603,6.372797,9.946403,40.001240
6.004579,3.537244,12.595373,45.617042
10.254948,0.764362,5.067807,32.126890
1.074733,10.244280,11.710203,64.868585
4.035531,3.556450,11.762490,41.242123
0.470885,12.266225,8.064935,59.642650
12.812192,11.007396,1.392861,57.656174
1.568377,-0.213050,0.546669,46.491471
2.070665,2.554285,4.787422,71.854368
10.657840,10.521435,5.076484,54.188715
9.981112,5.425597,5.446578,23.618293
0.597017,7.741709,7.757306,52.371654
2.708299,8.990147,7.849989,33.815204
4.934362,7.456822,6.619018,56.770620
10.026432,3.953452,5.543348,76.780121
4.789670,4.544451,8.078387,30.143585
7.851439,5.866813,10.883493,43.592422
10.823307,11.638236,11.649612,27.579683
5.854851,1.768669,6.490633,29.750328
6.685479,0.193829,3.465842,64.968166
10.914082,10.935614,5.233674,24.525213
1.320750,12.443818,6.313844,23.095172
11.743532,7.529262,4.615346,20.607055
9.030751,12.536937,10.167524,46.504675
5.145788,5.357114,6.287161,59.026736
2.080077,4.654934,6.973471,27.380494
12.702703,11.964860,4.324897,62.124166
2.751073,8.328891,5.716650,72.455304
-0.294132,8.181681,1.636088,22.022261
5.348380,2.686014,2.075192,39.052109
5.168828,5.104480,5.681892,67.426378
6.718325,11.945073,2.557774,32.577337
7.029003,11.197024,1.072600,60.867838
2.960266,6.771870,8.094964,38.045492
9.786326,0.837113,7.006285,64.497871
2.817621,7.457747,1.562626,30.657608
3.296239,1.818409,12.130137,24.116263
8.734037,7.262380,9.917342,20.542909
3.130039,6.656350,8.386038,72.845764
3.206221,10.109424,9.797259,21.367423
11.275779,5.128037,3.964398,48.491757
7.190155,10.771092,12.320715,72.029650
0.962439,2.281787,3.411473,79.210576
2.400178,6.952142,11.330864,46.911604
5.100312,8.154694,1.924173,40.089176
7.799228,9.784476,6.429402,22.110174
8.010512,7.161857,11.753258,52.227669
7.481305,1.647328,11.986355,20.364172
2.574414,1.583952,11.067100,65.854420
3.691811,9.632937,8.355032,63.382022
2.446088,9.308061,10.665696,31.305500
10.318279,3.651350,2.031784,55.168645
4.056696,9.694158,3.226862,39.403452
2.670977,3.596874,1.967140,55.763693
12.365247,0.554249,4.672811,23.629946
6.732773,2.807302,9.484125,34.888709
2.561291,3.728183,1.732453,68.517628
3.711170,7.361272,9.794519,56.533705
2.752351,5.464231,4.831640,50.145640
7.641325,11.341841,12.608567,51.071928
9.822427,6.795684,2.024851,20.490804
10.180068,4.256970,11.032483,30.230277
-0.396884,8.597010,10.913830,50.091461
2.722783,6.148512,5.143137,44.685614
9.100506,6.003330,6.724549,45.930330
6.234623,10.982758,2.035896,48.784991
6.940359,0.340977,4.029259,79.286332
